Index,KernelName,gpu-id,queue-id,queue-index,pid,tid,grd,wgr,lds,scr,arch_vgpr,accum_vgpr,sgpr,wave_size,sig,obj,SQ_INSTS_VALU_ADD_F16,SQ_INSTS_VALU_MUL_F16,SQ_INSTS_VALU_FMA_F16,SQ_INSTS_VALU_TRANS_F16,SQ_INSTS_VALU_ADD_F32,SQ_INSTS_VALU_MUL_F32,SQ_INSTS_VALU_FMA_F32,SQ_INSTS_VALU_TRANS_F32,SQ_INSTS_VALU_ADD_F64,SQ_INSTS_VALU_MUL_F64,SQ_INSTS_VALU_FMA_F64,SQ_INSTS_VALU_TRANS_F64,SQ_INSTS_VALU_MFMA_MOPS_F16,SQ_INSTS_VALU_MFMA_MOPS_BF16,SQ_INSTS_VALU_MFMA_MOPS_F32,SQ_INSTS_VALU_MFMA_MOPS_F64,TCC_EA_RDREQ_32B_sum,TCC_EA_RDREQ_sum,TCC_EA_WRREQ_sum,TCC_EA_WRREQ_64B_sum,DispatchNs,BeginNs,EndNs,CompleteNs
0,"jai_tend_x_kernel_2bdfba00_device.kd",0,0,5,51902,51902,5050,1,0,0,44,4,48,64,0x0,0x7f83019d86c0,0,0,0,0,0,0,0,0,444400,222200,883750,106050,0,0,0,0,0.0000000000,2683.0000000000,2529.0000000000,2524.0000000000,2433878048336827,2348643090319072,2433878058667676,2433878058680391
1,"jai_tend_x_calc_kernel_fa76b200_device.kd",0,0,6,51902,51902,20000,1,0,0,12,4,32,64,0x0,0x7f83019d4640,0,0,0,0,0,0,0,0,20000,20000,120000,20000,0,0,0,0,0.0000000000,2542.0000000000,0.0000000000,0.0000000000,2433879269002027,2433878058667148,2433879269146057,2433879269158181
2,"jai_tend_apply_kernel_d7ff7600_device.kd",0,0,7,51902,51902,20000,1,0,0,4,4,32,64,0x0,0x7f82fb708700,0,0,0,0,0,0,0,0,0,0,20000,0,0,0,0,0,0.0000000000,5112.0000000000,0.0000000000,0.0000000000,2433880537783336,2433879269146061,2433880537940348,2433880537951612
3,"jai_tend_x_kernel_ee17c700_device.kd",0,0,9,51902,51902,5050,1,0,0,44,4,48,64,0x0,0x7f82fb6dc6c0,0,0,0,0,0,0,0,0,444400,222200,883750,106050,0,0,0,0,0.0000000000,2683.0000000000,2529.0000000000,2524.0000000000,2433884388588535,2433880537940536,2433884388734029,2433884388748144
4,"jai_tend_x_calc_kernel_fa76b200_device.kd",0,0,10,51902,51902,20000,1,0,0,12,4,32,64,0x0,0x7f83019d4640,0,0,0,0,0,0,0,0,20000,20000,120000,20000,0,0,0,0,0.0000000000,2544.0000000000,0.0000000000,0.0000000000,2433884392329480,2433884388734029,2433884392478190,2433884392480002
5,"jai_tend_apply_kernel_d7ff7600_device.kd",0,0,11,51902,51902,20000,1,0,0,4,4,32,64,0x0,0x7f82fb708700,0,0,0,0,0,0,0,0,0,0,20000,0,0,0,0,0,0.0000000000,5114.0000000000,0.0000000000,0.0000000000,2433884397623090,2433884392478190,2433884397774511,2433884397775416
6,"jai_tend_x_kernel_ee17c700_device.kd",0,0,13,51902,51902,5050,1,0,0,44,4,48,64,0x0,0x7f82fb6dc6c0,0,0,0,0,0,0,0,0,444400,222200,883750,106050,0,0,0,0,0.0000000000,2622.0000000000,2529.0000000000,2524.0000000000,2433884424086597,2433884397774511,2433884424244119,2433884424257337
7,"jai_tend_x_calc_kernel_fa76b200_device.kd",0,0,14,51902,51902,20000,1,0,0,12,4,32,64,0x0,0x7f83019d4640,0,0,0,0,0,0,0,0,20000,20000,120000,20000,0,0,0,0,0.0000000000,2538.0000000000,0.0000000000,0.0000000000,2433884428096407,2433884424244119,2433884428223641,2433884428224938
8,"jai_tend_apply_kernel_9c75d800_device.kd",0,0,15,51902,51902,20000,1,0,0,4,4,32,64,0x0,0x7f82da8b6700,0,0,0,0,0,0,0,0,0,0,20000,0,0,0,0,0,0.0000000000,5113.0000000000,0.0000000000,0.0000000000,2433885527701928,2433884428223413,2433885527852212,2433885527866527
9,"jai_halo_z_kernel_fde85300_device.kd",0,0,16,51902,51902,416,1,0,0,16,0,32,64,0x0,0x7f82da89e600,0,0,0,0,0,0,0,0,0,832,2496,416,0,0,0,0,0.0000000000,102.0000000000,0.0000000000,0.0000000000,2433886683778887,2433885527852763,2433886683904495,2433886683918640
10,"jai_tend_z_kernel_5bb5bc00_device.kd",0,0,17,51902,51902,5100,1,0,0,40,0,48,64,0x0,0x7f82da884700,0,0,0,0,0,0,0,0,453900,224400,892500,107100,0,0,0,0,0.0000000000,2903.0000000000,0.0000000000,0.0000000000,2433887898926777,2433886683904029,2433887899076709,2433887899090273
11,"jai_tend_z_calc_kernel_358fed00_device.kd",0,0,18,51902,51902,20000,1,0,0,12,4,32,64,0x0,0x7f82da824680,0,0,0,0,0,0,0,0,20000,20000,125000,20000,0,0,0,0,2.0000000000,3866.0000000000,0.0000000000,0.0000000000,2433889038773868,2433887899077066,2433889038930865,2433889038944959
12,"jai_tend_apply_kernel_d7ff7600_device.kd",0,0,19,51902,51902,20000,1,0,0,4,4,32,64,0x0,0x7f82fb708700,0,0,0,0,0,0,0,0,0,0,20000,0,0,0,0,0,0.0000000000,3840.0000000000,0.0000000000,0.0000000000,2433889044384634,2433889038930865,2433889044554866,2433889044555996
13,"jai_halo_z_kernel_ccb89300_device.kd",0,0,20,51902,51902,416,1,0,0,16,0,32,64,0x0,0x7f82da80c600,0,0,0,0,0,0,0,0,0,832,2496,416,0,0,0,0,0.0000000000,102.0000000000,0.0000000000,0.0000000000,2433890160127169,2433889044554489,2433890160270500,2433890160284845
14,"jai_tend_z_kernel_f4c1ba00_device.kd",0,0,21,51902,51902,5100,1,0,0,40,0,48,64,0x0,0x7f81da388700,0,0,0,0,0,0,0,0,453900,224400,892500,107100,0,0,0,0,0.0000000000,2903.0000000000,0.0000000000,0.0000000000,2433891299874363,2433890160270639,2433891300028904,2433891300042348
15,"jai_tend_z_calc_kernel_3f2cf200_device.kd",0,0,22,51902,51902,20000,1,0,0,12,4,32,64,0x0,0x7f82da804680,0,0,0,0,0,0,0,0,20000,20000,125000,20000,0,0,0,0,0.0000000000,3866.0000000000,0.0000000000,0.0000000000,2433892414396987,2433891300028893,2433892414548430,2433892414561005
16,"jai_tend_apply_kernel_d7ff7600_device.kd",0,0,23,51902,51902,20000,1,0,0,4,4,32,64,0x0,0x7f82fb708700,0,0,0,0,0,0,0,0,0,0,20000,0,0,0,0,0,0.0000000000,4490.0000000000,0.0000000000,0.0000000000,2433892419705536,2433892414548430,2433892419862671,2433892419864134
17,"jai_halo_z_kernel_ccb89300_device.kd",0,0,24,51902,51902,416,1,0,0,16,0,32,64,0x0,0x7f82da80c600,0,0,0,0,0,0,0,0,0,832,2496,416,0,0,0,0,0.0000000000,78.0000000000,0.0000000000,0.0000000000,2433892422182026,2433892419862671,2433892422290192,2433892422290921
18,"jai_tend_z_kernel_f4c1ba00_device.kd",0,0,25,51902,51902,5100,1,0,0,40,0,48,64,0x0,0x7f81da388700,0,0,0,0,0,0,0,0,453900,224400,892500,107100,0,0,0,0,0.0000000000,2203.0000000000,0.0000000000,0.0000000000,2433892430182300,2433892422290192,2433892430330354,2433892430331190
19,"jai_tend_z_calc_kernel_3f2cf200_device.kd",0,0,26,51902,51902,20000,1,0,0,12,4,32,64,0x0,0x7f82da804680,0,0,0,0,0,0,0,0,20000,20000,125000,20000,0,0,0,0,0.0000000000,9.0000000000,0.0000000000,0.0000000000,2433892434634692,2433892430330354,2433892434783476,2433892434784713
20,"jai_tend_apply_kernel_9c75d800_device.kd",0,0,27,51902,51902,20000,1,0,0,4,4,32,64,0x0,0x7f82da8b6700,0,0,0,0,0,0,0,0,0,0,20000,0,0,0,0,0,0.0000000000,16.0000000000,0.0000000000,0.0000000000,2433892439817214,2433892434783476,2433892439967157,2433892439968548
21,"jai_tend_x_kernel_2bdfba00_device.kd",0,0,29,51902,51902,5050,1,0,0,44,4,48,64,0x0,0x7f83019d86c0,0,0,0,0,0,0,0,0,444400,222200,883750,106050,0,0,0,0,0.0000000000,2683.0000000000,2529.0000000000,2524.0000000000,2433892457689586,2433892439967157,2433892457842203,2433892457843135
22,"jai_tend_x_calc_kernel_fa76b200_device.kd",0,0,30,51902,51902,20000,1,0,0,12,4,32,64,0x0,0x7f83019d4640,0,0,0,0,0,0,0,0,20000,20000,120000,20000,0,0,0,0,0.0000000000,2544.0000000000,0.0000000000,0.0000000000,2433892461155194,2433892457842203,2433892461280124,2433892461281000
23,"jai_tend_apply_kernel_d7ff7600_device.kd",0,0,31,51902,51902,20000,1,0,0,4,4,32,64,0x0,0x7f82fb708700,0,0,0,0,0,0,0,0,0,0,20000,0,0,0,0,0,0.0000000000,2510.0000000000,0.0000000000,0.0000000000,2433892466274388,2433892461280124,2433892466421725,2433892466422536
24,"jai_tend_x_kernel_ee17c700_device.kd",0,0,33,51902,51902,5050,1,0,0,44,4,48,64,0x0,0x7f82fb6dc6c0,0,0,0,0,0,0,0,0,444400,222200,883750,106050,0,0,0,0,0.0000000000,2684.0000000000,2529.0000000000,2524.0000000000,2433892484112406,2433892466421499,2433892484265024,2433892484271705
25,"jai_tend_x_calc_kernel_fa76b200_device.kd",0,0,34,51902,51902,20000,1,0,0,12,4,32,64,0x0,0x7f83019d4640,0,0,0,0,0,0,0,0,20000,20000,120000,20000,0,0,0,0,0.0000000000,2538.0000000000,0.0000000000,0.0000000000,2433892487578555,2433892484265024,2433892487734465,2433892487736873
26,"jai_tend_apply_kernel_d7ff7600_device.kd",0,0,35,51902,51902,20000,1,0,0,4,4,32,64,0x0,0x7f82fb708700,0,0,0,0,0,0,0,0,0,0,20000,0,0,0,0,0,0.0000000000,5110.0000000000,0.0000000000,0.0000000000,2433892492702628,2433892487734465,2433892492849826,2433892492850806
27,"jai_tend_x_kernel_ee17c700_device.kd",0,0,37,51902,51902,5050,1,0,0,44,4,48,64,0x0,0x7f82fb6dc6c0,0,0,0,0,0,0,0,0,444400,222200,883750,106050,0,0,0,0,0.0000000000,2622.0000000000,2529.0000000000,2524.0000000000,2433892510890974,2433892492849826,2433892511043271,2433892511044723
28,"jai_tend_x_calc_kernel_fa76b200_device.kd",0,0,38,51902,51902,20000,1,0,0,12,4,32,64,0x0,0x7f83019d4640,0,0,0,0,0,0,0,0,20000,20000,120000,20000,0,0,0,0,0.0000000000,2538.0000000000,0.0000000000,0.0000000000,2433892514872852,2433892511043271,2433892515022153,2433892515023505
29,"jai_tend_apply_kernel_9c75d800_device.kd",0,0,39,51902,51902,20000,1,0,0,4,4,32,64,0x0,0x7f82da8b6700,0,0,0,0,0,0,0,0,0,0,20000,0,0,0,0,0,0.0000000000,5115.0000000000,0.0000000000,0.0000000000,2433892520218420,2433892515022153,2433892520377354,2433892520378671
30,"jai_halo_z_kernel_fde85300_device.kd",0,0,40,51902,51902,416,1,0,0,16,0,32,64,0x0,0x7f82da89e600,0,0,0,0,0,0,0,0,0,832,2496,416,0,0,0,0,0.0000000000,25.0000000000,0.0000000000,0.0000000000,2433892522670495,2433892520377354,2433892522776075,2433892522777476
31,"jai_tend_z_kernel_5bb5bc00_device.kd",0,0,41,51902,51902,5100,1,0,0,40,0,48,64,0x0,0x7f82da884700,0,0,0,0,0,0,0,0,453900,224400,892500,107100,0,0,0,0,0.0000000000,305.0000000000,0.0000000000,0.0000000000,2433892531087832,2433892522776075,2433892531236557,2433892531237934
32,"jai_tend_z_calc_kernel_358fed00_device.kd",0,0,42,51902,51902,20000,1,0,0,12,4,32,64,0x0,0x7f82da824680,0,0,0,0,0,0,0,0,20000,20000,125000,20000,0,0,0,0,0.0000000000,64.0000000000,0.0000000000,0.0000000000,2433892535981732,2433892531236557,2433892536133839,2433892536135180
33,"jai_tend_apply_kernel_d7ff7600_device.kd",0,0,43,51902,51902,20000,1,0,0,4,4,32,64,0x0,0x7f82fb708700,0,0,0,0,0,0,0,0,0,0,20000,0,0,0,0,0,0.0000000000,15.0000000000,0.0000000000,0.0000000000,2433892541329084,2433892536133839,2433892541479280,2433892541480829
34,"jai_halo_z_kernel_ccb89300_device.kd",0,0,44,51902,51902,416,1,0,0,16,0,32,64,0x0,0x7f82da80c600,0,0,0,0,0,0,0,0,0,832,2496,416,0,0,0,0,0.0000000000,24.0000000000,0.0000000000,0.0000000000,2433892543746002,2433892541479280,2433892543850801,2433892543852132
35,"jai_tend_z_kernel_f4c1ba00_device.kd",0,0,45,51902,51902,5100,1,0,0,40,0,48,64,0x0,0x7f81da388700,0,0,0,0,0,0,0,0,453900,224400,892500,107100,0,0,0,0,0.0000000000,217.0000000000,0.0000000000,0.0000000000,2433892552138914,2433892543850781,2433892552287263,2433892552293214
36,"jai_tend_z_calc_kernel_3f2cf200_device.kd",0,0,46,51902,51902,20000,1,0,0,12,4,32,64,0x0,0x7f82da804680,0,0,0,0,0,0,0,0,20000,20000,125000,20000,0,0,0,0,0.0000000000,9.0000000000,0.0000000000,0.0000000000,2433892557112674,2433892552287263,2433892557260704,2433892557261924
37,"jai_tend_apply_kernel_d7ff7600_device.kd",0,0,47,51902,51902,20000,1,0,0,4,4,32,64,0x0,0x7f82fb708700,0,0,0,0,0,0,0,0,0,0,20000,0,0,0,0,0,0.0000000000,11.0000000000,0.0000000000,0.0000000000,2433892566197675,2433892557260704,2433892566352067,2433892566353738
38,"jai_halo_z_kernel_ccb89300_device.kd",0,0,48,51902,51902,416,1,0,0,16,0,32,64,0x0,0x7f82da80c600,0,0,0,0,0,0,0,0,0,832,2496,416,0,0,0,0,0.0000000000,9.0000000000,0.0000000000,0.0000000000,2433892568659939,2433892566352067,2433892568763907,2433892568764956
39,"jai_tend_z_kernel_f4c1ba00_device.kd",0,0,49,51902,51902,5100,1,0,0,40,0,48,64,0x0,0x7f81da388700,0,0,0,0,0,0,0,0,453900,224400,892500,107100,0,0,0,0,0.0000000000,9.0000000000,0.0000000000,0.0000000000,2433892576585482,2433892568763907,2433892576732070,2433892576733550
40,"jai_tend_z_calc_kernel_3f2cf200_device.kd",0,0,50,51902,51902,20000,1,0,0,12,4,32,64,0x0,0x7f82da804680,0,0,0,0,0,0,0,0,20000,20000,125000,20000,0,0,0,0,0.0000000000,9.0000000000,0.0000000000,0.0000000000,2433892581046179,2433892576732070,2433892581191271,2433892581192354
41,"jai_tend_apply_kernel_9c75d800_device.kd",0,0,51,51902,51902,20000,1,0,0,4,4,32,64,0x0,0x7f82da8b6700,0,0,0,0,0,0,0,0,0,0,20000,0,0,0,0,0,0.0000000000,11.0000000000,0.0000000000,0.0000000000,2433892586156676,2433892581191271,2433892586303912,2433892586305445
42,"jai_tend_x_kernel_2bdfba00_device.kd",0,0,53,51902,51902,5050,1,0,0,44,4,48,64,0x0,0x7f83019d86c0,0,0,0,0,0,0,0,0,444400,222200,883750,106050,0,0,0,0,0.0000000000,2683.0000000000,2529.0000000000,2524.0000000000,2433892682668958,2433892586303756,2433892682852743,2433892682859666
43,"jai_tend_x_calc_kernel_fa76b200_device.kd",0,0,54,51902,51902,20000,1,0,0,12,4,32,64,0x0,0x7f83019d4640,0,0,0,0,0,0,0,0,20000,20000,120000,20000,0,0,0,0,0.0000000000,2544.0000000000,0.0000000000,0.0000000000,2433892686233021,2433892682852743,2433892686365864,2433892686367523
44,"jai_tend_apply_kernel_d7ff7600_device.kd",0,0,55,51902,51902,20000,1,0,0,4,4,32,64,0x0,0x7f82fb708700,0,0,0,0,0,0,0,0,0,0,20000,0,0,0,0,0,0.0000000000,2510.0000000000,0.0000000000,0.0000000000,2433892691369797,2433892686365864,2433892691519465,2433892691520841
45,"jai_tend_x_kernel_ee17c700_device.kd",0,0,57,51902,51902,5050,1,0,0,44,4,48,64,0x0,0x7f82fb6dc6c0,0,0,0,0,0,0,0,0,444400,222200,883750,106050,0,0,0,0,0.0000000000,2684.0000000000,2529.0000000000,2524.0000000000,2433892709198367,2433892691519465,2433892709350030,2433892709351154
46,"jai_tend_x_calc_kernel_fa76b200_device.kd",0,0,58,51902,51902,20000,1,0,0,12,4,32,64,0x0,0x7f83019d4640,0,0,0,0,0,0,0,0,20000,20000,120000,20000,0,0,0,0,0.0000000000,2538.0000000000,0.0000000000,0.0000000000,2433892712671900,2433892709350030,2433892712821071,2433892712822854
47,"jai_tend_apply_kernel_d7ff7600_device.kd",0,0,59,51902,51902,20000,1,0,0,4,4,32,64,0x0,0x7f82fb708700,0,0,0,0,0,0,0,0,0,0,20000,0,0,0,0,0,0.0000000000,5110.0000000000,0.0000000000,0.0000000000,2433892717788229,2433892712821071,2433892717935473,2433892717936627
48,"jai_tend_x_kernel_ee17c700_device.kd",0,0,61,51902,51902,5050,1,0,0,44,4,48,64,0x0,0x7f82fb6dc6c0,0,0,0,0,0,0,0,0,444400,222200,883750,106050,0,0,0,0,0.0000000000,2623.0000000000,2529.0000000000,2524.0000000000,2433892735597092,2433892717935473,2433892735752278,2433892735753896
49,"jai_tend_x_calc_kernel_fa76b200_device.kd",0,0,62,51902,51902,20000,1,0,0,12,4,32,64,0x0,0x7f83019d4640,0,0,0,0,0,0,0,0,20000,20000,120000,20000,0,0,0,0,0.0000000000,2538.0000000000,0.0000000000,0.0000000000,2433892739046530,2433892735752278,2433892739175479,2433892739176924
50,"jai_tend_apply_kernel_9c75d800_device.kd",0,0,63,51902,51902,20000,1,0,0,4,4,32,64,0x0,0x7f82da8b6700,0,0,0,0,0,0,0,0,0,0,20000,0,0,0,0,0,0.0000000000,5115.0000000000,0.0000000000,0.0000000000,2433892744209245,2433892739175479,2433892744365560,2433892744366981
51,"jai_halo_z_kernel_fde85300_device.kd",0,0,64,51902,51902,416,1,0,0,16,0,32,64,0x0,0x7f82da89e600,0,0,0,0,0,0,0,0,0,832,2496,416,0,0,0,0,0.0000000000,11.0000000000,0.0000000000,0.0000000000,2433892746668763,2433892744365759,2433892746773279,2433892746778800
52,"jai_tend_z_kernel_5bb5bc00_device.kd",0,0,65,51902,51902,5100,1,0,0,40,0,48,64,0x0,0x7f82da884700,0,0,0,0,0,0,0,0,453900,224400,892500,107100,0,0,0,0,0.0000000000,302.0000000000,0.0000000000,0.0000000000,2433892754629413,2433892746773279,2433892754777921,2433892754779384
53,"jai_tend_z_calc_kernel_358fed00_device.kd",0,0,66,51902,51902,20000,1,0,0,12,4,32,64,0x0,0x7f82da824680,0,0,0,0,0,0,0,0,20000,20000,125000,20000,0,0,0,0,0.0000000000,64.0000000000,0.0000000000,0.0000000000,2433892759140374,2433892754777921,2433892759289282,2433892759290386
54,"jai_tend_apply_kernel_d7ff7600_device.kd",0,0,67,51902,51902,20000,1,0,0,4,4,32,64,0x0,0x7f82fb708700,0,0,0,0,0,0,0,0,0,0,20000,0,0,0,0,0,0.0000000000,16.0000000000,0.0000000000,0.0000000000,2433892764274636,2433892759289282,2433892764424964,2433892764426241
55,"jai_halo_z_kernel_ccb89300_device.kd",0,0,68,51902,51902,416,1,0,0,16,0,32,64,0x0,0x7f82da80c600,0,0,0,0,0,0,0,0,0,832,2496,416,0,0,0,0,0.0000000000,24.0000000000,0.0000000000,0.0000000000,2433892766719397,2433892764424964,2433892766824644,2433892766825867
56,"jai_tend_z_kernel_f4c1ba00_device.kd",0,0,69,51902,51902,5100,1,0,0,40,0,48,64,0x0,0x7f81da388700,0,0,0,0,0,0,0,0,453900,224400,892500,107100,0,0,0,0,0.0000000000,217.0000000000,0.0000000000,0.0000000000,2433892778588786,2433892766824644,2433892778744328,2433892778745731
57,"jai_tend_z_calc_kernel_3f2cf200_device.kd",0,0,70,51902,51902,20000,1,0,0,12,4,32,64,0x0,0x7f82da804680,0,0,0,0,0,0,0,0,20000,20000,125000,20000,0,0,0,0,0.0000000000,9.0000000000,0.0000000000,0.0000000000,2433892783058460,2433892778744328,2433892783210089,2433892783211497
58,"jai_tend_apply_kernel_d7ff7600_device.kd",0,0,71,51902,51902,20000,1,0,0,4,4,32,64,0x0,0x7f82fb708700,0,0,0,0,0,0,0,0,0,0,20000,0,0,0,0,0,0.0000000000,11.0000000000,0.0000000000,0.0000000000,2433892788197901,2433892783210089,2433892788353931,2433892788355237
59,"jai_halo_z_kernel_ccb89300_device.kd",0,0,72,51902,51902,416,1,0,0,16,0,32,64,0x0,0x7f82da80c600,0,0,0,0,0,0,0,0,0,832,2496,416,0,0,0,0,0.0000000000,9.0000000000,0.0000000000,0.0000000000,2433892790624689,2433892788353931,2433892790729451,2433892790730688
60,"jai_tend_z_kernel_f4c1ba00_device.kd",0,0,73,51902,51902,5100,1,0,0,40,0,48,64,0x0,0x7f81da388700,0,0,0,0,0,0,0,0,453900,224400,892500,107100,0,0,0,0,0.0000000000,9.0000000000,0.0000000000,0.0000000000,2433892798579537,2433892790729451,2433892798727054,2433892798728337
61,"jai_tend_z_calc_kernel_3f2cf200_device.kd",0,0,74,51902,51902,20000,1,0,0,12,4,32,64,0x0,0x7f82da804680,0,0,0,0,0,0,0,0,20000,20000,125000,20000,0,0,0,0,0.0000000000,9.0000000000,0.0000000000,0.0000000000,2433892803039753,2433892798727054,2433892803187375,2433892803188573
62,"jai_tend_apply_kernel_9c75d800_device.kd",0,0,75,51902,51902,20000,1,0,0,4,4,32,64,0x0,0x7f82da8b6700,0,0,0,0,0,0,0,0,0,0,20000,0,0,0,0,0,0.0000000000,11.0000000000,0.0000000000,0.0000000000,2433892808147004,2433892803187375,2433892808295857,2433892808297126
63,"jai_tend_x_kernel_2bdfba00_device.kd",0,0,77,51902,51902,5050,1,0,0,44,4,48,64,0x0,0x7f83019d86c0,0,0,0,0,0,0,0,0,444400,222200,883750,106050,0,0,0,0,0.0000000000,2684.0000000000,2529.0000000000,2524.0000000000,2433892826006513,2433892808295709,2433892826161314,2433892826167595
64,"jai_tend_x_calc_kernel_fa76b200_device.kd",0,0,78,51902,51902,20000,1,0,0,12,4,32,64,0x0,0x7f83019d4640,0,0,0,0,0,0,0,0,20000,20000,120000,20000,0,0,0,0,0.0000000000,2544.0000000000,0.0000000000,0.0000000000,2433892829480797,2433892826161314,2433892829604834,2433892829606102
65,"jai_tend_apply_kernel_d7ff7600_device.kd",0,0,79,51902,51902,20000,1,0,0,4,4,32,64,0x0,0x7f82fb708700,0,0,0,0,0,0,0,0,0,0,20000,0,0,0,0,0,0.0000000000,2510.0000000000,0.0000000000,0.0000000000,2433892834596444,2433892829604834,2433892834748036,2433892834749281
66,"jai_tend_x_kernel_ee17c700_device.kd",0,0,81,51902,51902,5050,1,0,0,44,4,48,64,0x0,0x7f82fb6dc6c0,0,0,0,0,0,0,0,0,444400,222200,883750,106050,0,0,0,0,0.0000000000,2685.0000000000,2529.0000000000,2524.0000000000,2433892852369410,2433892834748036,2433892852522761,2433892852524451
67,"jai_tend_x_calc_kernel_fa76b200_device.kd",0,0,82,51902,51902,20000,1,0,0,12,4,32,64,0x0,0x7f83019d4640,0,0,0,0,0,0,0,0,20000,20000,120000,20000,0,0,0,0,0.0000000000,2538.0000000000,0.0000000000,0.0000000000,2433892855824508,2433892852522761,2433892855948202,2433892855949593
68,"jai_tend_apply_kernel_d7ff7600_device.kd",0,0,83,51902,51902,20000,1,0,0,4,4,32,64,0x0,0x7f82fb708700,0,0,0,0,0,0,0,0,0,0,20000,0,0,0,0,0,0.0000000000,5110.0000000000,0.0000000000,0.0000000000,2433892860964380,2433892855948202,2433892861113324,2433892861114693
69,"jai_tend_x_kernel_ee17c700_device.kd",0,0,85,51902,51902,5050,1,0,0,44,4,48,64,0x0,0x7f82fb6dc6c0,0,0,0,0,0,0,0,0,444400,222200,883750,106050,0,0,0,0,0.0000000000,2623.0000000000,2529.0000000000,2524.0000000000,2433892878810664,2433892861113324,2433892878969649,2433892878971246
70,"jai_tend_x_calc_kernel_fa76b200_device.kd",0,0,86,51902,51902,20000,1,0,0,12,4,32,64,0x0,0x7f83019d4640,0,0,0,0,0,0,0,0,20000,20000,120000,20000,0,0,0,0,0.0000000000,2538.0000000000,0.0000000000,0.0000000000,2433892882263839,2433892878969649,2433892882390450,2433892882391930
71,"jai_tend_apply_kernel_9c75d800_device.kd",0,0,87,51902,51902,20000,1,0,0,4,4,32,64,0x0,0x7f82da8b6700,0,0,0,0,0,0,0,0,0,0,20000,0,0,0,0,0,0.0000000000,5115.0000000000,0.0000000000,0.0000000000,2433892887389705,2433892882390450,2433892887540371,2433892887541740
72,"jai_halo_z_kernel_fde85300_device.kd",0,0,88,51902,51902,416,1,0,0,16,0,32,64,0x0,0x7f82da89e600,0,0,0,0,0,0,0,0,0,832,2496,416,0,0,0,0,0.0000000000,11.0000000000,0.0000000000,0.0000000000,2433892889816172,2433892887540198,2433892889921478,2433892889926789
73,"jai_tend_z_kernel_5bb5bc00_device.kd",0,0,89,51902,51902,5100,1,0,0,40,0,48,64,0x0,0x7f82da884700,0,0,0,0,0,0,0,0,453900,224400,892500,107100,0,0,0,0,0.0000000000,302.0000000000,0.0000000000,0.0000000000,2433892897980443,2433892889921478,2433892898128840,2433892898130575
74,"jai_tend_z_calc_kernel_358fed00_device.kd",0,0,90,51902,51902,20000,1,0,0,12,4,32,64,0x0,0x7f82da824680,0,0,0,0,0,0,0,0,20000,20000,125000,20000,0,0,0,0,0.0000000000,64.0000000000,0.0000000000,0.0000000000,2433892902838506,2433892898128840,2433892902989321,2433892902990832
75,"jai_tend_apply_kernel_d7ff7600_device.kd",0,0,91,51902,51902,20000,1,0,0,4,4,32,64,0x0,0x7f82fb708700,0,0,0,0,0,0,0,0,0,0,20000,0,0,0,0,0,0.0000000000,15.0000000000,0.0000000000,0.0000000000,2433892908159358,2433892902989321,2433892908313483,2433892908315351
76,"jai_halo_z_kernel_ccb89300_device.kd",0,0,92,51902,51902,416,1,0,0,16,0,32,64,0x0,0x7f82da80c600,0,0,0,0,0,0,0,0,0,832,2496,416,0,0,0,0,0.0000000000,24.0000000000,0.0000000000,0.0000000000,2433892910604039,2433892908313483,2433892910711243,2433892910712723
77,"jai_tend_z_kernel_f4c1ba00_device.kd",0,0,93,51902,51902,5100,1,0,0,40,0,48,64,0x0,0x7f81da388700,0,0,0,0,0,0,0,0,453900,224400,892500,107100,0,0,0,0,0.0000000000,217.0000000000,0.0000000000,0.0000000000,2433892918966444,2433892910711243,2433892919114446,2433892919115894
78,"jai_tend_z_calc_kernel_3f2cf200_device.kd",0,0,94,51902,51902,20000,1,0,0,12,4,32,64,0x0,0x7f82da804680,0,0,0,0,0,0,0,0,20000,20000,125000,20000,0,0,0,0,0.0000000000,9.0000000000,0.0000000000,0.0000000000,2433892925978471,2433892919114446,2433892926133648,2433892926135246
79,"jai_tend_apply_kernel_d7ff7600_device.kd",0,0,95,51902,51902,20000,1,0,0,4,4,32,64,0x0,0x7f82fb708700,0,0,0,0,0,0,0,0,0,0,20000,0,0,0,0,0,0.0000000000,11.0000000000,0.0000000000,0.0000000000,2433892931124375,2433892926133648,2433892931277169,2433892931278614
80,"jai_halo_z_kernel_ccb89300_device.kd",0,0,96,51902,51902,416,1,0,0,16,0,32,64,0x0,0x7f82da80c600,0,0,0,0,0,0,0,0,0,832,2496,416,0,0,0,0,0.0000000000,9.0000000000,0.0000000000,0.0000000000,2433892933582220,2433892931277169,2433892933686770,2433892933687909
81,"jai_tend_z_kernel_f4c1ba00_device.kd",0,0,97,51902,51902,5100,1,0,0,40,0,48,64,0x0,0x7f81da388700,0,0,0,0,0,0,0,0,453900,224400,892500,107100,0,0,0,0,0.0000000000,9.0000000000,0.0000000000,0.0000000000,2433892941957679,2433892933686770,2433892942105652,2433892942106899
82,"jai_tend_z_calc_kernel_3f2cf200_device.kd",0,0,98,51902,51902,20000,1,0,0,12,4,32,64,0x0,0x7f82da804680,0,0,0,0,0,0,0,0,20000,20000,125000,20000,0,0,0,0,0.0000000000,9.0000000000,0.0000000000,0.0000000000,2433892946565031,2433892942105652,2433892946722453,2433892946724731
83,"jai_tend_apply_kernel_9c75d800_device.kd",0,0,99,51902,51902,20000,1,0,0,4,4,32,64,0x0,0x7f82da8b6700,0,0,0,0,0,0,0,0,0,0,20000,0,0,0,0,0,0.0000000000,10.0000000000,0.0000000000,0.0000000000,2433892951759215,2433892946722453,2433892951905815,2433892951907112
84,"jai_tend_x_kernel_2bdfba00_device.kd",0,0,101,51902,51902,5050,1,0,0,44,4,48,64,0x0,0x7f83019d86c0,0,0,0,0,0,0,0,0,444400,222200,883750,106050,0,0,0,0,0.0000000000,2684.0000000000,2529.0000000000,2524.0000000000,2433892970249398,2433892951905758,2433892970401603,2433892970406814
85,"jai_tend_x_calc_kernel_fa76b200_device.kd",0,0,102,51902,51902,20000,1,0,0,12,4,32,64,0x0,0x7f83019d4640,0,0,0,0,0,0,0,0,20000,20000,120000,20000,0,0,0,0,0.0000000000,2544.0000000000,0.0000000000,0.0000000000,2433892973850761,2433892970401603,2433892974000964,2433892974005612
86,"jai_tend_apply_kernel_d7ff7600_device.kd",0,0,103,51902,51902,20000,1,0,0,4,4,32,64,0x0,0x7f82fb708700,0,0,0,0,0,0,0,0,0,0,20000,0,0,0,0,0,0.0000000000,2510.0000000000,0.0000000000,0.0000000000,2433892979132890,2433892974000964,2433892979290245,2433892979291398
87,"jai_tend_x_kernel_ee17c700_device.kd",0,0,105,51902,51902,5050,1,0,0,44,4,48,64,0x0,0x7f82fb6dc6c0,0,0,0,0,0,0,0,0,444400,222200,883750,106050,0,0,0,0,0.0000000000,2685.0000000000,2529.0000000000,2524.0000000000,2433892997556679,2433892979290245,2433892997713290,2433892997715597
88,"jai_tend_x_calc_kernel_fa76b200_device.kd",0,0,106,51902,51902,20000,1,0,0,12,4,32,64,0x0,0x7f83019d4640,0,0,0,0,0,0,0,0,20000,20000,120000,20000,0,0,0,0,0.0000000000,2538.0000000000,0.0000000000,0.0000000000,2433893001174052,2433892997713290,2433893001299531,2433893001300880
89,"jai_tend_apply_kernel_d7ff7600_device.kd",0,0,107,51902,51902,20000,1,0,0,4,4,32,64,0x0,0x7f82fb708700,0,0,0,0,0,0,0,0,0,0,20000,0,0,0,0,0,0.0000000000,5110.0000000000,0.0000000000,0.0000000000,2433893006404865,2433893001299531,2433893006555853,2433893006557101
90,"jai_tend_x_kernel_ee17c700_device.kd",0,0,109,51902,51902,5050,1,0,0,44,4,48,64,0x0,0x7f82fb6dc6c0,0,0,0,0,0,0,0,0,444400,222200,883750,106050,0,0,0,0,0.0000000000,2622.0000000000,2529.0000000000,2524.0000000000,2433893024947796,2433893006555853,2433893025105938,2433893025107426
91,"jai_tend_x_calc_kernel_fa76b200_device.kd",0,0,110,51902,51902,20000,1,0,0,12,4,32,64,0x0,0x7f83019d4640,0,0,0,0,0,0,0,0,20000,20000,120000,20000,0,0,0,0,0.0000000000,2538.0000000000,0.0000000000,0.0000000000,2433893028563546,2433893025105938,2433893028688499,2433893028689974
92,"jai_tend_apply_kernel_9c75d800_device.kd",0,0,111,51902,51902,20000,1,0,0,4,4,32,64,0x0,0x7f82da8b6700,0,0,0,0,0,0,0,0,0,0,20000,0,0,0,0,0,0.0000000000,5115.0000000000,0.0000000000,0.0000000000,2433893033889047,2433893028688527,2433893034039568,2433893034044399
93,"jai_halo_z_kernel_fde85300_device.kd",0,0,112,51902,51902,416,1,0,0,16,0,32,64,0x0,0x7f82da89e600,0,0,0,0,0,0,0,0,0,832,2496,416,0,0,0,0,0.0000000000,11.0000000000,0.0000000000,0.0000000000,2433893036425100,2433893034039568,2433893036538768,2433893036540246
94,"jai_tend_z_kernel_5bb5bc00_device.kd",0,0,113,51902,51902,5100,1,0,0,40,0,48,64,0x0,0x7f82da884700,0,0,0,0,0,0,0,0,453900,224400,892500,107100,0,0,0,0,0.0000000000,302.0000000000,0.0000000000,0.0000000000,2433893044757027,2433893036538768,2433893044913491,2433893044914753
95,"jai_tend_z_calc_kernel_358fed00_device.kd",0,0,114,51902,51902,20000,1,0,0,12,4,32,64,0x0,0x7f82da824680,0,0,0,0,0,0,0,0,20000,20000,125000,20000,0,0,0,0,0.0000000000,64.0000000000,0.0000000000,0.0000000000,2433893049439560,2433893044913491,2433893049594292,2433893049595523
96,"jai_tend_apply_kernel_d7ff7600_device.kd",0,0,115,51902,51902,20000,1,0,0,4,4,32,64,0x0,0x7f82fb708700,0,0,0,0,0,0,0,0,0,0,20000,0,0,0,0,0,0.0000000000,16.0000000000,0.0000000000,0.0000000000,2433893054779408,2433893049594292,2433893054929013,2433893054930412
97,"jai_halo_z_kernel_ccb89300_device.kd",0,0,116,51902,51902,416,1,0,0,16,0,32,64,0x0,0x7f82da80c600,0,0,0,0,0,0,0,0,0,832,2496,416,0,0,0,0,0.0000000000,24.0000000000,0.0000000000,0.0000000000,2433893057221844,2433893054929013,2433893057325974,2433893057327322
98,"jai_tend_z_kernel_f4c1ba00_device.kd",0,0,117,51902,51902,5100,1,0,0,40,0,48,64,0x0,0x7f81da388700,0,0,0,0,0,0,0,0,453900,224400,892500,107100,0,0,0,0,0.0000000000,217.0000000000,0.0000000000,0.0000000000,2433893065638851,2433893057325974,2433893065795256,2433893065796377
99,"jai_tend_z_calc_kernel_3f2cf200_device.kd",0,0,118,51902,51902,20000,1,0,0,12,4,32,64,0x0,0x7f82da804680,0,0,0,0,0,0,0,0,20000,20000,125000,20000,0,0,0,0,0.0000000000,9.0000000000,0.0000000000,0.0000000000,2433893070346281,2433893065795256,2433893070501178,2433893070502434
100,"jai_tend_apply_kernel_d7ff7600_device.kd",0,0,119,51902,51902,20000,1,0,0,4,4,32,64,0x0,0x7f82fb708700,0,0,0,0,0,0,0,0,0,0,20000,0,0,0,0,0,0.0000000000,11.0000000000,0.0000000000,0.0000000000,2433893078908059,2433893070501178,2433893079062140,2433893079063641
101,"jai_halo_z_kernel_ccb89300_device.kd",0,0,120,51902,51902,416,1,0,0,16,0,32,64,0x0,0x7f82da80c600,0,0,0,0,0,0,0,0,0,832,2496,416,0,0,0,0,0.0000000000,9.0000000000,0.0000000000,0.0000000000,2433893081490920,2433893079062140,2433893081603741,2433893081604954
102,"jai_tend_z_kernel_f4c1ba00_device.kd",0,0,121,51902,51902,5100,1,0,0,40,0,48,64,0x0,0x7f81da388700,0,0,0,0,0,0,0,0,453900,224400,892500,107100,0,0,0,0,0.0000000000,9.0000000000,0.0000000000,0.0000000000,2433893089812186,2433893081603741,2433893089961023,2433893089965244
103,"jai_tend_z_calc_kernel_3f2cf200_device.kd",0,0,122,51902,51902,20000,1,0,0,12,4,32,64,0x0,0x7f82da804680,0,0,0,0,0,0,0,0,20000,20000,125000,20000,0,0,0,0,0.0000000000,9.0000000000,0.0000000000,0.0000000000,2433893094362562,2433893089961023,2433893094514624,2433893094516280
104,"jai_tend_apply_kernel_9c75d800_device.kd",0,0,123,51902,51902,20000,1,0,0,4,4,32,64,0x0,0x7f82da8b6700,0,0,0,0,0,0,0,0,0,0,20000,0,0,0,0,0,0.0000000000,11.0000000000,0.0000000000,0.0000000000,2433893099426812,2433893094514782,2433893099576863,2433893099582664
105,"jai_tend_x_kernel_2bdfba00_device.kd",0,0,125,51902,51902,5050,1,0,0,44,4,48,64,0x0,0x7f83019d86c0,0,0,0,0,0,0,0,0,444400,222200,883750,106050,0,0,0,0,0.0000000000,2683.0000000000,2529.0000000000,2524.0000000000,2433893117748027,2433893099576863,2433893117900548,2433893117902507
106,"jai_tend_x_calc_kernel_fa76b200_device.kd",0,0,126,51902,51902,20000,1,0,0,12,4,32,64,0x0,0x7f83019d4640,0,0,0,0,0,0,0,0,20000,20000,120000,20000,0,0,0,0,0.0000000000,2544.0000000000,0.0000000000,0.0000000000,2433893121197355,2433893117900548,2433893121319429,2433893121320546
107,"jai_tend_apply_kernel_d7ff7600_device.kd",0,0,127,51902,51902,20000,1,0,0,4,4,32,64,0x0,0x7f82fb708700,0,0,0,0,0,0,0,0,0,0,20000,0,0,0,0,0,0.0000000000,2510.0000000000,0.0000000000,0.0000000000,2433893126297453,2433893121319429,2433893126448070,2433893126449288
108,"jai_tend_x_kernel_ee17c700_device.kd",0,0,129,51902,51902,5050,1,0,0,44,4,48,64,0x0,0x7f82fb6dc6c0,0,0,0,0,0,0,0,0,444400,222200,883750,106050,0,0,0,0,0.0000000000,2684.0000000000,2529.0000000000,2524.0000000000,2433893144232863,2433893126448070,2433893144385995,2433893144387494
109,"jai_tend_x_calc_kernel_fa76b200_device.kd",0,0,130,51902,51902,20000,1,0,0,12,4,32,64,0x0,0x7f83019d4640,0,0,0,0,0,0,0,0,20000,20000,120000,20000,0,0,0,0,0.0000000000,2538.0000000000,0.0000000000,0.0000000000,2433893148051735,2433893144385995,2433893148199276,2433893148200584
110,"jai_tend_apply_kernel_d7ff7600_device.kd",0,0,131,51902,51902,20000,1,0,0,4,4,32,64,0x0,0x7f82fb708700,0,0,0,0,0,0,0,0,0,0,20000,0,0,0,0,0,0.0000000000,5110.0000000000,0.0000000000,0.0000000000,2433893153305711,2433893148199276,2433893153453358,2433893153454411
111,"jai_tend_x_kernel_ee17c700_device.kd",0,0,133,51902,51902,5050,1,0,0,44,4,48,64,0x0,0x7f82fb6dc6c0,0,0,0,0,0,0,0,0,444400,222200,883750,106050,0,0,0,0,0.0000000000,2622.0000000000,2529.0000000000,2524.0000000000,2433893171420750,2433893153453214,2433893171574979,2433893171580951
112,"jai_tend_x_calc_kernel_fa76b200_device.kd",0,0,134,51902,51902,20000,1,0,0,12,4,32,64,0x0,0x7f83019d4640,0,0,0,0,0,0,0,0,20000,20000,120000,20000,0,0,0,0,0.0000000000,2538.0000000000,0.0000000000,0.0000000000,2433893175254610,2433893171574979,2433893175381220,2433893175382911
113,"jai_tend_apply_kernel_9c75d800_device.kd",0,0,135,51902,51902,20000,1,0,0,4,4,32,64,0x0,0x7f82da8b6700,0,0,0,0,0,0,0,0,0,0,20000,0,0,0,0,0,0.0000000000,5115.0000000000,0.0000000000,0.0000000000,2433893180562658,2433893175381220,2433893180715301,2433893180716847
114,"jai_halo_z_kernel_fde85300_device.kd",0,0,136,51902,51902,416,1,0,0,16,0,32,64,0x0,0x7f82da89e600,0,0,0,0,0,0,0,0,0,832,2496,416,0,0,0,0,0.0000000000,10.0000000000,0.0000000000,0.0000000000,2433893182995877,2433893180715301,2433893183098502,2433893183100023
115,"jai_tend_z_kernel_5bb5bc00_device.kd",0,0,137,51902,51902,5100,1,0,0,40,0,48,64,0x0,0x7f82da884700,0,0,0,0,0,0,0,0,453900,224400,892500,107100,0,0,0,0,0.0000000000,302.0000000000,0.0000000000,0.0000000000,2433893191401251,2433893183098502,2433893191549704,2433893191551373
116,"jai_tend_z_calc_kernel_358fed00_device.kd",0,0,138,51902,51902,20000,1,0,0,12,4,32,64,0x0,0x7f82da824680,0,0,0,0,0,0,0,0,20000,20000,125000,20000,0,0,0,0,0.0000000000,64.0000000000,0.0000000000,0.0000000000,2433893196270185,2433893191549704,2433893196419785,2433893196421288
117,"jai_tend_apply_kernel_d7ff7600_device.kd",0,0,139,51902,51902,20000,1,0,0,4,4,32,64,0x0,0x7f82fb708700,0,0,0,0,0,0,0,0,0,0,20000,0,0,0,0,0,0.0000000000,16.0000000000,0.0000000000,0.0000000000,2433893201549850,2433893196419785,2433893201698667,2433893201699852
118,"jai_halo_z_kernel_ccb89300_device.kd",0,0,140,51902,51902,416,1,0,0,16,0,32,64,0x0,0x7f82da80c600,0,0,0,0,0,0,0,0,0,832,2496,416,0,0,0,0,0.0000000000,24.0000000000,0.0000000000,0.0000000000,2433893203981116,2433893201698667,2433893204084588,2433893204086042
119,"jai_tend_z_kernel_f4c1ba00_device.kd",0,0,141,51902,51902,5100,1,0,0,40,0,48,64,0x0,0x7f81da388700,0,0,0,0,0,0,0,0,453900,224400,892500,107100,0,0,0,0,0.0000000000,217.0000000000,0.0000000000,0.0000000000,2433893212437786,2433893204084588,2433893212585070,2433893212586666
120,"jai_tend_z_calc_kernel_3f2cf200_device.kd",0,0,142,51902,51902,20000,1,0,0,12,4,32,64,0x0,0x7f82da804680,0,0,0,0,0,0,0,0,20000,20000,125000,20000,0,0,0,0,0.0000000000,9.0000000000,0.0000000000,0.0000000000,2433893217386219,2433893212585070,2433893217535631,2433893217537513
121,"jai_tend_apply_kernel_d7ff7600_device.kd",0,0,143,51902,51902,20000,1,0,0,4,4,32,64,0x0,0x7f82fb708700,0,0,0,0,0,0,0,0,0,0,20000,0,0,0,0,0,0.0000000000,11.0000000000,0.0000000000,0.0000000000,2433893222726277,2433893217535631,2433893222877713,2433893222879354
122,"jai_halo_z_kernel_ccb89300_device.kd",0,0,144,51902,51902,416,1,0,0,16,0,32,64,0x0,0x7f82da80c600,0,0,0,0,0,0,0,0,0,832,2496,416,0,0,0,0,0.0000000000,9.0000000000,0.0000000000,0.0000000000,2433893225162652,2433893222877713,2433893225263954,2433893225265185
123,"jai_tend_z_kernel_f4c1ba00_device.kd",0,0,145,51902,51902,5100,1,0,0,40,0,48,64,0x0,0x7f81da388700,0,0,0,0,0,0,0,0,453900,224400,892500,107100,0,0,0,0,0.0000000000,9.0000000000,0.0000000000,0.0000000000,2433893234411951,2433893225264222,2433893234562624,2433893234568616
124,"jai_tend_z_calc_kernel_3f2cf200_device.kd",0,0,146,51902,51902,20000,1,0,0,12,4,32,64,0x0,0x7f82da804680,0,0,0,0,0,0,0,0,20000,20000,125000,20000,0,0,0,0,0.0000000000,9.0000000000,0.0000000000,0.0000000000,2433893238901232,2433893234562624,2433893239050625,2433893239052116
125,"jai_tend_apply_kernel_9c75d800_device.kd",0,0,147,51902,51902,20000,1,0,0,4,4,32,64,0x0,0x7f82da8b6700,0,0,0,0,0,0,0,0,0,0,20000,0,0,0,0,0,0.0000000000,11.0000000000,0.0000000000,0.0000000000,2433893243983236,2433893239050625,2433893244133186,2433893244134710
126,"jai_tend_x_kernel_2bdfba00_device.kd",0,0,149,51902,51902,5050,1,0,0,44,4,48,64,0x0,0x7f83019d86c0,0,0,0,0,0,0,0,0,444400,222200,883750,106050,0,0,0,0,0.0000000000,2683.0000000000,2529.0000000000,2524.0000000000,2433893261769607,2433893244133186,2433893261922471,2433893261923566
127,"jai_tend_x_calc_kernel_fa76b200_device.kd",0,0,150,51902,51902,20000,1,0,0,12,4,32,64,0x0,0x7f83019d4640,0,0,0,0,0,0,0,0,20000,20000,120000,20000,0,0,0,0,0.0000000000,2544.0000000000,0.0000000000,0.0000000000,2433893265228272,2433893261922471,2433893265353992,2433893265355030
128,"jai_tend_apply_kernel_d7ff7600_device.kd",0,0,151,51902,51902,20000,1,0,0,4,4,32,64,0x0,0x7f82fb708700,0,0,0,0,0,0,0,0,0,0,20000,0,0,0,0,0,0.0000000000,2510.0000000000,0.0000000000,0.0000000000,2433893270336485,2433893265353992,2433893270488714,2433893270489802
129,"jai_tend_x_kernel_ee17c700_device.kd",0,0,153,51902,51902,5050,1,0,0,44,4,48,64,0x0,0x7f82fb6dc6c0,0,0,0,0,0,0,0,0,444400,222200,883750,106050,0,0,0,0,0.0000000000,2685.0000000000,2529.0000000000,2524.0000000000,2433893288113939,2433893270488714,2433893288269679,2433893288271355
130,"jai_tend_x_calc_kernel_fa76b200_device.kd",0,0,154,51902,51902,20000,1,0,0,12,4,32,64,0x0,0x7f83019d4640,0,0,0,0,0,0,0,0,20000,20000,120000,20000,0,0,0,0,0.0000000000,2538.0000000000,0.0000000000,0.0000000000,2433893291568426,2433893288269679,2433893291692880,2433893291694243
131,"jai_tend_apply_kernel_d7ff7600_device.kd",0,0,155,51902,51902,20000,1,0,0,4,4,32,64,0x0,0x7f82fb708700,0,0,0,0,0,0,0,0,0,0,20000,0,0,0,0,0,0.0000000000,5110.0000000000,0.0000000000,0.0000000000,2433893296690265,2433893291692880,2433893296839282,2433893296840407
132,"jai_tend_x_kernel_ee17c700_device.kd",0,0,157,51902,51902,5050,1,0,0,44,4,48,64,0x0,0x7f82fb6dc6c0,0,0,0,0,0,0,0,0,444400,222200,883750,106050,0,0,0,0,0.0000000000,2623.0000000000,2529.0000000000,2524.0000000000,2433893314511271,2433893296839173,2433893314669738,2433893314675670
133,"jai_tend_x_calc_kernel_fa76b200_device.kd",0,0,158,51902,51902,20000,1,0,0,12,4,32,64,0x0,0x7f83019d4640,0,0,0,0,0,0,0,0,20000,20000,120000,20000,0,0,0,0,0.0000000000,2538.0000000000,0.0000000000,0.0000000000,2433893317962623,2433893314669738,2433893318090378,2433893318091845
134,"jai_tend_apply_kernel_9c75d800_device.kd",0,0,159,51902,51902,20000,1,0,0,4,4,32,64,0x0,0x7f82da8b6700,0,0,0,0,0,0,0,0,0,0,20000,0,0,0,0,0,0.0000000000,5115.0000000000,0.0000000000,0.0000000000,2433893323096584,2433893318090378,2433893323246380,2433893323247688
135,"jai_halo_z_kernel_fde85300_device.kd",0,0,160,51902,51902,416,1,0,0,16,0,32,64,0x0,0x7f82da89e600,0,0,0,0,0,0,0,0,0,832,2496,416,0,0,0,0,0.0000000000,10.0000000000,0.0000000000,0.0000000000,2433893325520556,2433893323246380,2433893325622221,2433893325623218
136,"jai_tend_z_kernel_5bb5bc00_device.kd",0,0,161,51902,51902,5100,1,0,0,40,0,48,64,0x0,0x7f82da884700,0,0,0,0,0,0,0,0,453900,224400,892500,107100,0,0,0,0,0.0000000000,302.0000000000,0.0000000000,0.0000000000,2433893333426552,2433893325622221,2433893333577423,2433893333579630
137,"jai_tend_z_calc_kernel_358fed00_device.kd",0,0,162,51902,51902,20000,1,0,0,12,4,32,64,0x0,0x7f82da824680,0,0,0,0,0,0,0,0,20000,20000,125000,20000,0,0,0,0,0.0000000000,64.0000000000,0.0000000000,0.0000000000,2433893337891136,2433893333577423,2433893338036304,2433893338037301
138,"jai_tend_apply_kernel_d7ff7600_device.kd",0,0,163,51902,51902,20000,1,0,0,4,4,32,64,0x0,0x7f82fb708700,0,0,0,0,0,0,0,0,0,0,20000,0,0,0,0,0,0.0000000000,15.0000000000,0.0000000000,0.0000000000,2433893343016752,2433893338036304,2433893343167506,2433893343168918
139,"jai_halo_z_kernel_ccb89300_device.kd",0,0,164,51902,51902,416,1,0,0,16,0,32,64,0x0,0x7f82da80c600,0,0,0,0,0,0,0,0,0,832,2496,416,0,0,0,0,0.0000000000,24.0000000000,0.0000000000,0.0000000000,2433893345457866,2433893343167506,2433893345559666,2433893345560699
140,"jai_tend_z_kernel_f4c1ba00_device.kd",0,0,165,51902,51902,5100,1,0,0,40,0,48,64,0x0,0x7f81da388700,0,0,0,0,0,0,0,0,453900,224400,892500,107100,0,0,0,0,0.0000000000,217.0000000000,0.0000000000,0.0000000000,2433893353359003,2433893345559666,2433893353503669,2433893353504847
141,"jai_tend_z_calc_kernel_3f2cf200_device.kd",0,0,166,51902,51902,20000,1,0,0,12,4,32,64,0x0,0x7f82da804680,0,0,0,0,0,0,0,0,20000,20000,125000,20000,0,0,0,0,0.0000000000,9.0000000000,0.0000000000,0.0000000000,2433893357791938,2433893353503669,2433893357938230,2433893357939756
142,"jai_tend_apply_kernel_d7ff7600_device.kd",0,0,167,51902,51902,20000,1,0,0,4,4,32,64,0x0,0x7f82fb708700,0,0,0,0,0,0,0,0,0,0,20000,0,0,0,0,0,0.0000000000,10.0000000000,0.0000000000,0.0000000000,2433893362908787,2433893357938230,2433893363057591,2433893363058889
143,"jai_halo_z_kernel_ccb89300_device.kd",0,0,168,51902,51902,416,1,0,0,16,0,32,64,0x0,0x7f82da80c600,0,0,0,0,0,0,0,0,0,832,2496,416,0,0,0,0,0.0000000000,10.0000000000,0.0000000000,0.0000000000,2433893365343409,2433893363057591,2433893365445432,2433893365446393
144,"jai_tend_z_kernel_f4c1ba00_device.kd",0,0,169,51902,51902,5100,1,0,0,40,0,48,64,0x0,0x7f81da388700,0,0,0,0,0,0,0,0,453900,224400,892500,107100,0,0,0,0,0.0000000000,9.0000000000,0.0000000000,0.0000000000,2433893374645237,2433893365445432,2433893374794555,2433893374795870
145,"jai_tend_z_calc_kernel_3f2cf200_device.kd",0,0,170,51902,51902,20000,1,0,0,12,4,32,64,0x0,0x7f82da804680,0,0,0,0,0,0,0,0,20000,20000,125000,20000,0,0,0,0,0.0000000000,9.0000000000,0.0000000000,0.0000000000,2433893379102167,2433893374794428,2433893379252509,2433893379258220
146,"jai_tend_apply_kernel_9c75d800_device.kd",0,0,171,51902,51902,20000,1,0,0,4,4,32,64,0x0,0x7f82da8b6700,0,0,0,0,0,0,0,0,0,0,20000,0,0,0,0,0,0.0000000000,11.0000000000,0.0000000000,0.0000000000,2433893384212915,2433893379252509,2433893384367710,2433893384369168
147,"jai_tend_x_kernel_2bdfba00_device.kd",0,0,173,51902,51902,5050,1,0,0,44,4,48,64,0x0,0x7f83019d86c0,0,0,0,0,0,0,0,0,444400,222200,883750,106050,0,0,0,0,0.0000000000,2684.0000000000,2529.0000000000,2524.0000000000,2433893402005367,2433893384367710,2433893402158915,2433893402160689
148,"jai_tend_x_calc_kernel_fa76b200_device.kd",0,0,174,51902,51902,20000,1,0,0,12,4,32,64,0x0,0x7f83019d4640,0,0,0,0,0,0,0,0,20000,20000,120000,20000,0,0,0,0,0.0000000000,2544.0000000000,0.0000000000,0.0000000000,2433893405439116,2433893402158915,2433893405564516,2433893405565774
149,"jai_tend_apply_kernel_d7ff7600_device.kd",0,0,175,51902,51902,20000,1,0,0,4,4,32,64,0x0,0x7f82fb708700,0,0,0,0,0,0,0,0,0,0,20000,0,0,0,0,0,0.0000000000,2510.0000000000,0.0000000000,0.0000000000,2433893410525768,2433893405564516,2433893410679077,2433893410680528
150,"jai_tend_x_kernel_ee17c700_device.kd",0,0,177,51902,51902,5050,1,0,0,44,4,48,64,0x0,0x7f82fb6dc6c0,0,0,0,0,0,0,0,0,444400,222200,883750,106050,0,0,0,0,0.0000000000,2685.0000000000,2529.0000000000,2524.0000000000,2433893428267826,2433893410679077,2433893428419722,2433893428421344
151,"jai_tend_x_calc_kernel_fa76b200_device.kd",0,0,178,51902,51902,20000,1,0,0,12,4,32,64,0x0,0x7f83019d4640,0,0,0,0,0,0,0,0,20000,20000,120000,20000,0,0,0,0,0.0000000000,2538.0000000000,0.0000000000,0.0000000000,2433893431709669,2433893428419722,2433893431858283,2433893431859671
152,"jai_tend_apply_kernel_d7ff7600_device.kd",0,0,179,51902,51902,20000,1,0,0,4,4,32,64,0x0,0x7f82fb708700,0,0,0,0,0,0,0,0,0,0,20000,0,0,0,0,0,0.0000000000,5110.0000000000,0.0000000000,0.0000000000,2433893436846245,2433893431858283,2433893437001165,2433893437002489
153,"jai_tend_x_kernel_ee17c700_device.kd",0,0,181,51902,51902,5050,1,0,0,44,4,48,64,0x0,0x7f82fb6dc6c0,0,0,0,0,0,0,0,0,444400,222200,883750,106050,0,0,0,0,0.0000000000,2623.0000000000,2529.0000000000,2524.0000000000,2433893454557345,2433893437001143,2433893454712987,2433893454718888
154,"jai_tend_x_calc_kernel_fa76b200_device.kd",0,0,182,51902,51902,20000,1,0,0,12,4,32,64,0x0,0x7f83019d4640,0,0,0,0,0,0,0,0,20000,20000,120000,20000,0,0,0,0,0.0000000000,2538.0000000000,0.0000000000,0.0000000000,2433893457999128,2433893454712987,2433893458123547,2433893458125055
155,"jai_tend_apply_kernel_9c75d800_device.kd",0,0,183,51902,51902,20000,1,0,0,4,4,32,64,0x0,0x7f82da8b6700,0,0,0,0,0,0,0,0,0,0,20000,0,0,0,0,0,0.0000000000,5115.0000000000,0.0000000000,0.0000000000,2433893463094227,2433893458123547,2433893463244669,2433893463246032
156,"jai_halo_z_kernel_fde85300_device.kd",0,0,184,51902,51902,416,1,0,0,16,0,32,64,0x0,0x7f82da89e600,0,0,0,0,0,0,0,0,0,832,2496,416,0,0,0,0,0.0000000000,10.0000000000,0.0000000000,0.0000000000,2433893465516706,2433893463244669,2433893465621310,2433893465622955
157,"jai_tend_z_kernel_5bb5bc00_device.kd",0,0,185,51902,51902,5100,1,0,0,40,0,48,64,0x0,0x7f82da884700,0,0,0,0,0,0,0,0,453900,224400,892500,107100,0,0,0,0,0.0000000000,302.0000000000,0.0000000000,0.0000000000,2433893473453650,2433893465621310,2433893473601952,2433893473603792
158,"jai_tend_z_calc_kernel_358fed00_device.kd",0,0,186,51902,51902,20000,1,0,0,12,4,32,64,0x0,0x7f82da824680,0,0,0,0,0,0,0,0,20000,20000,125000,20000,0,0,0,0,0.0000000000,64.0000000000,0.0000000000,0.0000000000,2433893477917944,2433893473601952,2433893478065313,2433893478066433
159,"jai_tend_apply_kernel_d7ff7600_device.kd",0,0,187,51902,51902,20000,1,0,0,4,4,32,64,0x0,0x7f82fb708700,0,0,0,0,0,0,0,0,0,0,20000,0,0,0,0,0,0.0000000000,15.0000000000,0.0000000000,0.0000000000,2433893483053549,2433893478065313,2433893483203874,2433893483205404
160,"jai_halo_z_kernel_ccb89300_device.kd",0,0,188,51902,51902,416,1,0,0,16,0,32,64,0x0,0x7f82da80c600,0,0,0,0,0,0,0,0,0,832,2496,416,0,0,0,0,0.0000000000,24.0000000000,0.0000000000,0.0000000000,2433893485462873,2433893483203874,2433893485564515,2433893485565807
161,"jai_tend_z_kernel_f4c1ba00_device.kd",0,0,189,51902,51902,5100,1,0,0,40,0,48,64,0x0,0x7f81da388700,0,0,0,0,0,0,0,0,453900,224400,892500,107100,0,0,0,0,0.0000000000,217.0000000000,0.0000000000,0.0000000000,2433893493365063,2433893485564515,2433893493511557,2433893493513081
162,"jai_tend_z_calc_kernel_3f2cf200_device.kd",0,0,190,51902,51902,20000,1,0,0,12,4,32,64,0x0,0x7f82da804680,0,0,0,0,0,0,0,0,20000,20000,125000,20000,0,0,0,0,0.0000000000,9.0000000000,0.0000000000,0.0000000000,2433893497822874,2433893493511557,2433893497968519,2433893497969850
163,"jai_tend_apply_kernel_d7ff7600_device.kd",0,0,191,51902,51902,20000,1,0,0,4,4,32,64,0x0,0x7f82fb708700,0,0,0,0,0,0,0,0,0,0,20000,0,0,0,0,0,0.0000000000,11.0000000000,0.0000000000,0.0000000000,2433893502929704,2433893497968519,2433893503078920,2433893503080407
164,"jai_halo_z_kernel_ccb89300_device.kd",0,0,192,51902,51902,416,1,0,0,16,0,32,64,0x0,0x7f82da80c600,0,0,0,0,0,0,0,0,0,832,2496,416,0,0,0,0,0.0000000000,9.0000000000,0.0000000000,0.0000000000,2433893505349588,2433893503078920,2433893505450601,2433893505451851
165,"jai_tend_z_kernel_f4c1ba00_device.kd",0,0,193,51902,51902,5100,1,0,0,40,0,48,64,0x0,0x7f81da388700,0,0,0,0,0,0,0,0,453900,224400,892500,107100,0,0,0,0,0.0000000000,9.0000000000,0.0000000000,0.0000000000,2433893513242751,2433893505450601,2433893513387243,2433893513388905
166,"jai_tend_z_calc_kernel_3f2cf200_device.kd",0,0,194,51902,51902,20000,1,0,0,12,4,32,64,0x0,0x7f82da804680,0,0,0,0,0,0,0,0,20000,20000,125000,20000,0,0,0,0,0.0000000000,9.0000000000,0.0000000000,0.0000000000,2433893518912498,2433893513387284,2433893519065365,2433893519071296
167,"jai_tend_apply_kernel_9c75d800_device.kd",0,0,195,51902,51902,20000,1,0,0,4,4,32,64,0x0,0x7f82da8b6700,0,0,0,0,0,0,0,0,0,0,20000,0,0,0,0,0,0.0000000000,10.0000000000,0.0000000000,0.0000000000,2433893524057380,2433893519065365,2433893524207286,2433893524208815
168,"jai_tend_x_kernel_2bdfba00_device.kd",0,0,197,51902,51902,5050,1,0,0,44,4,48,64,0x0,0x7f83019d86c0,0,0,0,0,0,0,0,0,444400,222200,883750,106050,0,0,0,0,0.0000000000,2683.0000000000,2529.0000000000,2524.0000000000,2433893542073623,2433893524207286,2433893542228571,2433893542230217
169,"jai_tend_x_calc_kernel_fa76b200_device.kd",0,0,198,51902,51902,20000,1,0,0,12,4,32,64,0x0,0x7f83019d4640,0,0,0,0,0,0,0,0,20000,20000,120000,20000,0,0,0,0,0.0000000000,2544.0000000000,0.0000000000,0.0000000000,2433893545532378,2433893542228571,2433893545659132,2433893545660759
170,"jai_tend_apply_kernel_d7ff7600_device.kd",0,0,199,51902,51902,20000,1,0,0,4,4,32,64,0x0,0x7f82fb708700,0,0,0,0,0,0,0,0,0,0,20000,0,0,0,0,0,0.0000000000,2510.0000000000,0.0000000000,0.0000000000,2433893550643767,2433893545659132,2433893550796093,2433893550797696
171,"jai_tend_x_kernel_ee17c700_device.kd",0,0,201,51902,51902,5050,1,0,0,44,4,48,64,0x0,0x7f82fb6dc6c0,0,0,0,0,0,0,0,0,444400,222200,883750,106050,0,0,0,0,0.0000000000,2684.0000000000,2529.0000000000,2524.0000000000,2433893568418146,2433893550796093,2433893568571458,2433893568573347
172,"jai_tend_x_calc_kernel_fa76b200_device.kd",0,0,202,51902,51902,20000,1,0,0,12,4,32,64,0x0,0x7f83019d4640,0,0,0,0,0,0,0,0,20000,20000,120000,20000,0,0,0,0,0.0000000000,2538.0000000000,0.0000000000,0.0000000000,2433893571867854,2433893568571458,2433893571993699,2433893571995173
173,"jai_tend_apply_kernel_d7ff7600_device.kd",0,0,203,51902,51902,20000,1,0,0,4,4,32,64,0x0,0x7f82fb708700,0,0,0,0,0,0,0,0,0,0,20000,0,0,0,0,0,0.0000000000,5110.0000000000,0.0000000000,0.0000000000,2433893576950839,2433893571993699,2433893577096901,2433893577097875
174,"jai_tend_x_kernel_ee17c700_device.kd",0,0,205,51902,51902,5050,1,0,0,44,4,48,64,0x0,0x7f82fb6dc6c0,0,0,0,0,0,0,0,0,444400,222200,883750,106050,0,0,0,0,0.0000000000,2622.0000000000,2529.0000000000,2524.0000000000,2433893594692146,2433893577097079,2433893594846044,2433893594852106
175,"jai_tend_x_calc_kernel_fa76b200_device.kd",0,0,206,51902,51902,20000,1,0,0,12,4,32,64,0x0,0x7f83019d4640,0,0,0,0,0,0,0,0,20000,20000,120000,20000,0,0,0,0,0.0000000000,2538.0000000000,0.0000000000,0.0000000000,2433893598150580,2433893594846044,2433893598275164,2433893598276527
176,"jai_tend_apply_kernel_9c75d800_device.kd",0,0,207,51902,51902,20000,1,0,0,4,4,32,64,0x0,0x7f82da8b6700,0,0,0,0,0,0,0,0,0,0,20000,0,0,0,0,0,0.0000000000,5115.0000000000,0.0000000000,0.0000000000,2433893603267530,2433893598275164,2433893603417726,2433893603419004
177,"jai_halo_z_kernel_fde85300_device.kd",0,0,208,51902,51902,416,1,0,0,16,0,32,64,0x0,0x7f82da89e600,0,0,0,0,0,0,0,0,0,832,2496,416,0,0,0,0,0.0000000000,10.0000000000,0.0000000000,0.0000000000,2433893605721528,2433893603417726,2433893605828607,2433893605830022
178,"jai_tend_z_kernel_5bb5bc00_device.kd",0,0,209,51902,51902,5100,1,0,0,40,0,48,64,0x0,0x7f82da884700,0,0,0,0,0,0,0,0,453900,224400,892500,107100,0,0,0,0,0.0000000000,302.0000000000,0.0000000000,0.0000000000,2433893613648184,2433893605828607,2433893613795809,2433893613797043
179,"jai_tend_z_calc_kernel_358fed00_device.kd",0,0,210,51902,51902,20000,1,0,0,12,4,32,64,0x0,0x7f82da824680,0,0,0,0,0,0,0,0,20000,20000,125000,20000,0,0,0,0,0.0000000000,64.0000000000,0.0000000000,0.0000000000,2433893618116865,2433893613795809,2433893618267330,2433893618268700
180,"jai_tend_apply_kernel_d7ff7600_device.kd",0,0,211,51902,51902,20000,1,0,0,4,4,32,64,0x0,0x7f82fb708700,0,0,0,0,0,0,0,0,0,0,20000,0,0,0,0,0,0.0000000000,15.0000000000,0.0000000000,0.0000000000,2433893623209449,2433893618267330,2433893623359492,2433893623360833
181,"jai_halo_z_kernel_ccb89300_device.kd",0,0,212,51902,51902,416,1,0,0,16,0,32,64,0x0,0x7f82da80c600,0,0,0,0,0,0,0,0,0,832,2496,416,0,0,0,0,0.0000000000,24.0000000000,0.0000000000,0.0000000000,2433893625650132,2433893623359492,2433893625754372,2433893625755490
182,"jai_tend_z_kernel_f4c1ba00_device.kd",0,0,213,51902,51902,5100,1,0,0,40,0,48,64,0x0,0x7f81da388700,0,0,0,0,0,0,0,0,453900,224400,892500,107100,0,0,0,0,0.0000000000,217.0000000000,0.0000000000,0.0000000000,2433893633591145,2433893625754372,2433893633741255,2433893633743080
183,"jai_tend_z_calc_kernel_3f2cf200_device.kd",0,0,214,51902,51902,20000,1,0,0,12,4,32,64,0x0,0x7f82da804680,0,0,0,0,0,0,0,0,20000,20000,125000,20000,0,0,0,0,0.0000000000,9.0000000000,0.0000000000,0.0000000000,2433893638063163,2433893633741255,2433893638212296,2433893638213795
184,"jai_tend_apply_kernel_d7ff7600_device.kd",0,0,215,51902,51902,20000,1,0,0,4,4,32,64,0x0,0x7f82fb708700,0,0,0,0,0,0,0,0,0,0,20000,0,0,0,0,0,0.0000000000,10.0000000000,0.0000000000,0.0000000000,2433893643187907,2433893638212296,2433893643337418,2433893643338960
185,"jai_halo_z_kernel_ccb89300_device.kd",0,0,216,51902,51902,416,1,0,0,16,0,32,64,0x0,0x7f82da80c600,0,0,0,0,0,0,0,0,0,832,2496,416,0,0,0,0,0.0000000000,9.0000000000,0.0000000000,0.0000000000,2433893645626035,2433893643337418,2433893645726698,2433893645727616
186,"jai_tend_z_kernel_f4c1ba00_device.kd",0,0,217,51902,51902,5100,1,0,0,40,0,48,64,0x0,0x7f81da388700,0,0,0,0,0,0,0,0,453900,224400,892500,107100,0,0,0,0,0.0000000000,9.0000000000,0.0000000000,0.0000000000,2433893653583298,2433893645726698,2433893653731661,2433893653733681
187,"jai_tend_z_calc_kernel_3f2cf200_device.kd",0,0,218,51902,51902,20000,1,0,0,12,4,32,64,0x0,0x7f82da804680,0,0,0,0,0,0,0,0,20000,20000,125000,20000,0,0,0,0,0.0000000000,9.0000000000,0.0000000000,0.0000000000,2433893658060877,2433893653731726,2433893658210607,2433893658216429
188,"jai_tend_apply_kernel_9c75d800_device.kd",0,0,219,51902,51902,20000,1,0,0,4,4,32,64,0x0,0x7f82da8b6700,0,0,0,0,0,0,0,0,0,0,20000,0,0,0,0,0,0.0000000000,11.0000000000,0.0000000000,0.0000000000,2433893664355367,2433893658210607,2433893664509008,2433893664510408
189,"jai_tend_x_kernel_2bdfba00_device.kd",0,0,221,51902,51902,5050,1,0,0,44,4,48,64,0x0,0x7f83019d86c0,0,0,0,0,0,0,0,0,444400,222200,883750,106050,0,0,0,0,0.0000000000,2683.0000000000,2529.0000000000,2524.0000000000,2433893682187705,2433893664509008,2433893682345174,2433893682346713
190,"jai_tend_x_calc_kernel_fa76b200_device.kd",0,0,222,51902,51902,20000,1,0,0,12,4,32,64,0x0,0x7f83019d4640,0,0,0,0,0,0,0,0,20000,20000,120000,20000,0,0,0,0,0.0000000000,2544.0000000000,0.0000000000,0.0000000000,2433893685609571,2433893682345174,2433893685769975,2433893685772076
191,"jai_tend_apply_kernel_d7ff7600_device.kd",0,0,223,51902,51902,20000,1,0,0,4,4,32,64,0x0,0x7f82fb708700,0,0,0,0,0,0,0,0,0,0,20000,0,0,0,0,0,0.0000000000,2510.0000000000,0.0000000000,0.0000000000,2433893690711372,2433893685769975,2433893690860696,2433893690861774
192,"jai_tend_x_kernel_ee17c700_device.kd",0,0,225,51902,51902,5050,1,0,0,44,4,48,64,0x0,0x7f82fb6dc6c0,0,0,0,0,0,0,0,0,444400,222200,883750,106050,0,0,0,0,0.0000000000,2684.0000000000,2529.0000000000,2524.0000000000,2433893708558306,2433893690860696,2433893708715261,2433893708716874
193,"jai_tend_x_calc_kernel_fa76b200_device.kd",0,0,226,51902,51902,20000,1,0,0,12,4,32,64,0x0,0x7f83019d4640,0,0,0,0,0,0,0,0,20000,20000,120000,20000,0,0,0,0,0.0000000000,2538.0000000000,0.0000000000,0.0000000000,2433893712002194,2433893708715261,2433893712129342,2433893712130635
194,"jai_tend_apply_kernel_d7ff7600_device.kd",0,0,227,51902,51902,20000,1,0,0,4,4,32,64,0x0,0x7f82fb708700,0,0,0,0,0,0,0,0,0,0,20000,0,0,0,0,0,0.0000000000,5110.0000000000,0.0000000000,0.0000000000,2433893717104685,2433893712129342,2433893717254624,2433893717255709
195,"jai_tend_x_kernel_ee17c700_device.kd",0,0,229,51902,51902,5050,1,0,0,44,4,48,64,0x0,0x7f82fb6dc6c0,0,0,0,0,0,0,0,0,444400,222200,883750,106050,0,0,0,0,0.0000000000,2622.0000000000,2529.0000000000,2524.0000000000,2433893734846944,2433893717254547,2433893735005272,2433893735011493
196,"jai_tend_x_calc_kernel_fa76b200_device.kd",0,0,230,51902,51902,20000,1,0,0,12,4,32,64,0x0,0x7f83019d4640,0,0,0,0,0,0,0,0,20000,20000,120000,20000,0,0,0,0,0.0000000000,2538.0000000000,0.0000000000,0.0000000000,2433893738270283,2433893735005272,2433893738395992,2433893738397622
197,"jai_tend_apply_kernel_9c75d800_device.kd",0,0,231,51902,51902,20000,1,0,0,4,4,32,64,0x0,0x7f82da8b6700,0,0,0,0,0,0,0,0,0,0,20000,0,0,0,0,0,0.0000000000,5115.0000000000,0.0000000000,0.0000000000,2433893743366713,2433893738395992,2433893743518074,2433893743519500
198,"jai_halo_z_kernel_fde85300_device.kd",0,0,232,51902,51902,416,1,0,0,16,0,32,64,0x0,0x7f82da89e600,0,0,0,0,0,0,0,0,0,832,2496,416,0,0,0,0,0.0000000000,10.0000000000,0.0000000000,0.0000000000,2433893745815252,2433893743518074,2433893745919675,2433893745920910
199,"jai_tend_z_kernel_5bb5bc00_device.kd",0,0,233,51902,51902,5100,1,0,0,40,0,48,64,0x0,0x7f82da884700,0,0,0,0,0,0,0,0,453900,224400,892500,107100,0,0,0,0,0.0000000000,302.0000000000,0.0000000000,0.0000000000,2433893753736827,2433893745919675,2433893753885757,2433893753887370
200,"jai_tend_z_calc_kernel_358fed00_device.kd",0,0,234,51902,51902,20000,1,0,0,12,4,32,64,0x0,0x7f82da824680,0,0,0,0,0,0,0,0,20000,20000,125000,20000,0,0,0,0,0.0000000000,64.0000000000,0.0000000000,0.0000000000,2433893758191162,2433893753885757,2433893758338878,2433893758340262
201,"jai_tend_apply_kernel_d7ff7600_device.kd",0,0,235,51902,51902,20000,1,0,0,4,4,32,64,0x0,0x7f82fb708700,0,0,0,0,0,0,0,0,0,0,20000,0,0,0,0,0,0.0000000000,15.0000000000,0.0000000000,0.0000000000,2433893763292482,2433893758338878,2433893763444000,2433893763445459
202,"jai_halo_z_kernel_ccb89300_device.kd",0,0,236,51902,51902,416,1,0,0,16,0,32,64,0x0,0x7f82da80c600,0,0,0,0,0,0,0,0,0,832,2496,416,0,0,0,0,0.0000000000,24.0000000000,0.0000000000,0.0000000000,2433893765734388,2433893763444000,2433893765836320,2433893765837521
203,"jai_tend_z_kernel_f4c1ba00_device.kd",0,0,237,51902,51902,5100,1,0,0,40,0,48,64,0x0,0x7f81da388700,0,0,0,0,0,0,0,0,453900,224400,892500,107100,0,0,0,0,0.0000000000,217.0000000000,0.0000000000,0.0000000000,2433893773648350,2433893765836320,2433893773795203,2433893773796267
204,"jai_tend_z_calc_kernel_3f2cf200_device.kd",0,0,238,51902,51902,20000,1,0,0,12,4,32,64,0x0,0x7f82da804680,0,0,0,0,0,0,0,0,20000,20000,125000,20000,0,0,0,0,0.0000000000,9.0000000000,0.0000000000,0.0000000000,2433893778143722,2433893773795203,2433893778290724,2433893778292201
205,"jai_tend_apply_kernel_d7ff7600_device.kd",0,0,239,51902,51902,20000,1,0,0,4,4,32,64,0x0,0x7f82fb708700,0,0,0,0,0,0,0,0,0,0,20000,0,0,0,0,0,0.0000000000,11.0000000000,0.0000000000,0.0000000000,2433893783227188,2433893778290724,2433893783377765,2433893783379334
206,"jai_halo_z_kernel_ccb89300_device.kd",0,0,240,51902,51902,416,1,0,0,16,0,32,64,0x0,0x7f82da80c600,0,0,0,0,0,0,0,0,0,832,2496,416,0,0,0,0,0.0000000000,9.0000000000,0.0000000000,0.0000000000,2433893785646150,2433893783377765,2433893785752006,2433893785753422
207,"jai_tend_z_kernel_f4c1ba00_device.kd",0,0,241,51902,51902,5100,1,0,0,40,0,48,64,0x0,0x7f81da388700,0,0,0,0,0,0,0,0,453900,224400,892500,107100,0,0,0,0,0.0000000000,9.0000000000,0.0000000000,0.0000000000,2433893793538341,2433893785752006,2433893793683368,2433893793684646
208,"jai_tend_z_calc_kernel_3f2cf200_device.kd",0,0,242,51902,51902,20000,1,0,0,12,4,32,64,0x0,0x7f82da804680,0,0,0,0,0,0,0,0,20000,20000,125000,20000,0,0,0,0,0.0000000000,9.0000000000,0.0000000000,0.0000000000,2433893798008145,2433893793683469,2433893798154670,2433893798160671
209,"jai_tend_apply_kernel_9c75d800_device.kd",0,0,243,51902,51902,20000,1,0,0,4,4,32,64,0x0,0x7f82da8b6700,0,0,0,0,0,0,0,0,0,0,20000,0,0,0,0,0,0.0000000000,10.0000000000,0.0000000000,0.0000000000,2433893803131025,2433893798154670,2433893803281231,2433893803282500
210,"jai_tend_x_kernel_2bdfba00_device.kd",0,0,245,51902,51902,5050,1,0,0,44,4,48,64,0x0,0x7f83019d86c0,0,0,0,0,0,0,0,0,444400,222200,883750,106050,0,0,0,0,0.0000000000,2684.0000000000,2529.0000000000,2524.0000000000,2433893823396502,2433893803281231,2433893823552277,2433893823554118
211,"jai_tend_x_calc_kernel_fa76b200_device.kd",0,0,246,51902,51902,20000,1,0,0,12,4,32,64,0x0,0x7f83019d4640,0,0,0,0,0,0,0,0,20000,20000,120000,20000,0,0,0,0,0.0000000000,2544.0000000000,0.0000000000,0.0000000000,2433893826855338,2433893823552277,2433893826982358,2433893826984019
212,"jai_tend_apply_kernel_d7ff7600_device.kd",0,0,247,51902,51902,20000,1,0,0,4,4,32,64,0x0,0x7f82fb708700,0,0,0,0,0,0,0,0,0,0,20000,0,0,0,0,0,0.0000000000,2510.0000000000,0.0000000000,0.0000000000,2433893831981173,2433893826982358,2433893832131959,2433893832133058
213,"jai_tend_x_kernel_ee17c700_device.kd",0,0,249,51902,51902,5050,1,0,0,44,4,48,64,0x0,0x7f82fb6dc6c0,0,0,0,0,0,0,0,0,444400,222200,883750,106050,0,0,0,0,0.0000000000,2685.0000000000,2529.0000000000,2524.0000000000,2433893849726047,2433893832131959,2433893849878525,2433893849879676
214,"jai_tend_x_calc_kernel_fa76b200_device.kd",0,0,250,51902,51902,20000,1,0,0,12,4,32,64,0x0,0x7f83019d4640,0,0,0,0,0,0,0,0,20000,20000,120000,20000,0,0,0,0,0.0000000000,2538.0000000000,0.0000000000,0.0000000000,2433893853167520,2433893849878525,2433893853295806,2433893853296933
215,"jai_tend_apply_kernel_d7ff7600_device.kd",0,0,251,51902,51902,20000,1,0,0,4,4,32,64,0x0,0x7f82fb708700,0,0,0,0,0,0,0,0,0,0,20000,0,0,0,0,0,0.0000000000,5110.0000000000,0.0000000000,0.0000000000,2433893858270873,2433893853295806,2433893858421567,2433893858423119
216,"jai_tend_x_kernel_ee17c700_device.kd",0,0,253,51902,51902,5050,1,0,0,44,4,48,64,0x0,0x7f82fb6dc6c0,0,0,0,0,0,0,0,0,444400,222200,883750,106050,0,0,0,0,0.0000000000,2623.0000000000,2529.0000000000,2524.0000000000,2433893876099363,2433893858421736,2433893876252141,2433893876258542
217,"jai_tend_x_calc_kernel_fa76b200_device.kd",0,0,254,51902,51902,20000,1,0,0,12,4,32,64,0x0,0x7f83019d4640,0,0,0,0,0,0,0,0,20000,20000,120000,20000,0,0,0,0,0.0000000000,2538.0000000000,0.0000000000,0.0000000000,2433893879936800,2433893876252141,2433893880085582,2433893880086801
218,"jai_tend_apply_kernel_9c75d800_device.kd",0,0,255,51902,51902,20000,1,0,0,4,4,32,64,0x0,0x7f82da8b6700,0,0,0,0,0,0,0,0,0,0,20000,0,0,0,0,0,0.0000000000,5115.0000000000,0.0000000000,0.0000000000,2433893885227495,2433893880085582,2433893885379503,2433893885380282
219,"jai_halo_z_kernel_fde85300_device.kd",0,0,256,51902,51902,416,1,0,0,16,0,32,64,0x0,0x7f82da89e600,0,0,0,0,0,0,0,0,0,832,2496,416,0,0,0,0,0.0000000000,10.0000000000,0.0000000000,0.0000000000,2433893887639164,2433893885379503,2433893887745744,2433893887746787
220,"jai_tend_z_kernel_5bb5bc00_device.kd",0,0,257,51902,51902,5100,1,0,0,40,0,48,64,0x0,0x7f82da884700,0,0,0,0,0,0,0,0,453900,224400,892500,107100,0,0,0,0,0.0000000000,302.0000000000,0.0000000000,0.0000000000,2433893895933160,2433893887745744,2433893896081426,2433893896082721
221,"jai_tend_z_calc_kernel_358fed00_device.kd",0,0,258,51902,51902,20000,1,0,0,12,4,32,64,0x0,0x7f82da824680,0,0,0,0,0,0,0,0,20000,20000,125000,20000,0,0,0,0,0.0000000000,64.0000000000,0.0000000000,0.0000000000,2433893900821700,2433893896081426,2433893900969428,2433893900970519
222,"jai_tend_apply_kernel_d7ff7600_device.kd",0,0,259,51902,51902,20000,1,0,0,4,4,32,64,0x0,0x7f82fb708700,0,0,0,0,0,0,0,0,0,0,20000,0,0,0,0,0,0.0000000000,16.0000000000,0.0000000000,0.0000000000,2433893906125480,2433893900969428,2433893906274709,2433893906275692
223,"jai_halo_z_kernel_ccb89300_device.kd",0,0,260,51902,51902,416,1,0,0,16,0,32,64,0x0,0x7f82da80c600,0,0,0,0,0,0,0,0,0,832,2496,416,0,0,0,0,0.0000000000,24.0000000000,0.0000000000,0.0000000000,2433893908574228,2433893906274709,2433893908681430,2433893908682662
224,"jai_tend_z_kernel_f4c1ba00_device.kd",0,0,261,51902,51902,5100,1,0,0,40,0,48,64,0x0,0x7f81da388700,0,0,0,0,0,0,0,0,453900,224400,892500,107100,0,0,0,0,0.0000000000,217.0000000000,0.0000000000,0.0000000000,2433893916929369,2433893908681430,2433893917078073,2433893917079220
225,"jai_tend_z_calc_kernel_3f2cf200_device.kd",0,0,262,51902,51902,20000,1,0,0,12,4,32,64,0x0,0x7f82da804680,0,0,0,0,0,0,0,0,20000,20000,125000,20000,0,0,0,0,0.0000000000,9.0000000000,0.0000000000,0.0000000000,2433893921812779,2433893917078073,2433893921959034,2433893921959925
226,"jai_tend_apply_kernel_d7ff7600_device.kd",0,0,263,51902,51902,20000,1,0,0,4,4,32,64,0x0,0x7f82fb708700,0,0,0,0,0,0,0,0,0,0,20000,0,0,0,0,0,0.0000000000,11.0000000000,0.0000000000,0.0000000000,2433893927080021,2433893921959034,2433893927229596,2433893927230824
227,"jai_halo_z_kernel_ccb89300_device.kd",0,0,264,51902,51902,416,1,0,0,16,0,32,64,0x0,0x7f82da80c600,0,0,0,0,0,0,0,0,0,832,2496,416,0,0,0,0,0.0000000000,10.0000000000,0.0000000000,0.0000000000,2433893929521646,2433893927229596,2433893929625436,2433893929626232
228,"jai_tend_z_kernel_f4c1ba00_device.kd",0,0,265,51902,51902,5100,1,0,0,40,0,48,64,0x0,0x7f81da388700,0,0,0,0,0,0,0,0,453900,224400,892500,107100,0,0,0,0,0.0000000000,9.0000000000,0.0000000000,0.0000000000,2433893937918945,2433893929625436,2433893938064159,2433893938065049
229,"jai_tend_z_calc_kernel_3f2cf200_device.kd",0,0,266,51902,51902,20000,1,0,0,12,4,32,64,0x0,0x7f82da804680,0,0,0,0,0,0,0,0,20000,20000,125000,20000,0,0,0,0,0.0000000000,9.0000000000,0.0000000000,0.0000000000,2433893942835428,2433893938064109,2433893942985390,2433893942991441
230,"jai_tend_apply_kernel_9c75d800_device.kd",0,0,267,51902,51902,20000,1,0,0,4,4,32,64,0x0,0x7f82da8b6700,0,0,0,0,0,0,0,0,0,0,20000,0,0,0,0,0,0.0000000000,11.0000000000,0.0000000000,0.0000000000,2433893948197477,2433893942985390,2433893948354031,2433893948355314
231,"jai_tend_x_kernel_2bdfba00_device.kd",0,0,269,51902,51902,5050,1,0,0,44,4,48,64,0x0,0x7f83019d86c0,0,0,0,0,0,0,0,0,444400,222200,883750,106050,0,0,0,0,0.0000000000,2684.0000000000,2529.0000000000,2524.0000000000,2433893967697587,2433893948354031,2433893967852437,2433893967853890
232,"jai_tend_x_calc_kernel_fa76b200_device.kd",0,0,270,51902,51902,20000,1,0,0,12,4,32,64,0x0,0x7f83019d4640,0,0,0,0,0,0,0,0,20000,20000,120000,20000,0,0,0,0,0.0000000000,2544.0000000000,0.0000000000,0.0000000000,2433893971159458,2433893967852437,2433893971287158,2433893971288600
233,"jai_tend_apply_kernel_d7ff7600_device.kd",0,0,271,51902,51902,20000,1,0,0,4,4,32,64,0x0,0x7f82fb708700,0,0,0,0,0,0,0,0,0,0,20000,0,0,0,0,0,0.0000000000,2510.0000000000,0.0000000000,0.0000000000,2433893976289932,2433893971287158,2433893976441239,2433893976442649
234,"jai_tend_x_kernel_ee17c700_device.kd",0,0,273,51902,51902,5050,1,0,0,44,4,48,64,0x0,0x7f82fb6dc6c0,0,0,0,0,0,0,0,0,444400,222200,883750,106050,0,0,0,0,0.0000000000,2685.0000000000,2529.0000000000,2524.0000000000,2433893994042530,2433893976441239,2433893994195965,2433893994197140
235,"jai_tend_x_calc_kernel_fa76b200_device.kd",0,0,274,51902,51902,20000,1,0,0,12,4,32,64,0x0,0x7f83019d4640,0,0,0,0,0,0,0,0,20000,20000,120000,20000,0,0,0,0,0.0000000000,2538.0000000000,0.0000000000,0.0000000000,2433893997489674,2433893994195965,2433893997618046,2433893997619457
236,"jai_tend_apply_kernel_d7ff7600_device.kd",0,0,275,51902,51902,20000,1,0,0,4,4,32,64,0x0,0x7f82fb708700,0,0,0,0,0,0,0,0,0,0,20000,0,0,0,0,0,0.0000000000,5110.0000000000,0.0000000000,0.0000000000,2433894002587908,2433893997618046,2433894002743327,2433894002744582
237,"jai_tend_x_kernel_ee17c700_device.kd",0,0,277,51902,51902,5050,1,0,0,44,4,48,64,0x0,0x7f82fb6dc6c0,0,0,0,0,0,0,0,0,444400,222200,883750,106050,0,0,0,0,0.0000000000,2622.0000000000,2529.0000000000,2524.0000000000,2433894020359862,2433894002743137,2433894020514342,2433894020520564
238,"jai_tend_x_calc_kernel_fa76b200_device.kd",0,0,278,51902,51902,20000,1,0,0,12,4,32,64,0x0,0x7f83019d4640,0,0,0,0,0,0,0,0,20000,20000,120000,20000,0,0,0,0,0.0000000000,2538.0000000000,0.0000000000,0.0000000000,2433894023811494,2433894020514342,2433894023959462,2433894023961045
239,"jai_tend_apply_kernel_9c75d800_device.kd",0,0,279,51902,51902,20000,1,0,0,4,4,32,64,0x0,0x7f82da8b6700,0,0,0,0,0,0,0,0,0,0,20000,0,0,0,0,0,0.0000000000,5115.0000000000,0.0000000000,0.0000000000,2433894028917582,2433894023959462,2433894029067144,2433894029068456
240,"jai_halo_z_kernel_fde85300_device.kd",0,0,280,51902,51902,416,1,0,0,16,0,32,64,0x0,0x7f82da89e600,0,0,0,0,0,0,0,0,0,832,2496,416,0,0,0,0,0.0000000000,10.0000000000,0.0000000000,0.0000000000,2433894031324452,2433894029067144,2433894031426505,2433894031427476
241,"jai_tend_z_kernel_5bb5bc00_device.kd",0,0,281,51902,51902,5100,1,0,0,40,0,48,64,0x0,0x7f82da884700,0,0,0,0,0,0,0,0,453900,224400,892500,107100,0,0,0,0,0.0000000000,302.0000000000,0.0000000000,0.0000000000,2433894039247231,2433894031426505,2433894039394507,2433894039396180
242,"jai_tend_z_calc_kernel_358fed00_device.kd",0,0,282,51902,51902,20000,1,0,0,12,4,32,64,0x0,0x7f82da824680,0,0,0,0,0,0,0,0,20000,20000,125000,20000,0,0,0,0,0.0000000000,64.0000000000,0.0000000000,0.0000000000,2433894043682489,2433894039394507,2433894043830508,2433894043831900
243,"jai_tend_apply_kernel_d7ff7600_device.kd",0,0,283,51902,51902,20000,1,0,0,4,4,32,64,0x0,0x7f82fb708700,0,0,0,0,0,0,0,0,0,0,20000,0,0,0,0,0,0.0000000000,15.0000000000,0.0000000000,0.0000000000,2433894048799579,2433894043830508,2433894048947310,2433894048948749
244,"jai_halo_z_kernel_ccb89300_device.kd",0,0,284,51902,51902,416,1,0,0,16,0,32,64,0x0,0x7f82da80c600,0,0,0,0,0,0,0,0,0,832,2496,416,0,0,0,0,0.0000000000,24.0000000000,0.0000000000,0.0000000000,2433894051201550,2433894048947310,2433894051301710,2433894051302980
245,"jai_tend_z_kernel_f4c1ba00_device.kd",0,0,285,51902,51902,5100,1,0,0,40,0,48,64,0x0,0x7f81da388700,0,0,0,0,0,0,0,0,453900,224400,892500,107100,0,0,0,0,0.0000000000,217.0000000000,0.0000000000,0.0000000000,2433894059100133,2433894051301710,2433894059249073,2433894059250545
246,"jai_tend_z_calc_kernel_3f2cf200_device.kd",0,0,286,51902,51902,20000,1,0,0,12,4,32,64,0x0,0x7f82da804680,0,0,0,0,0,0,0,0,20000,20000,125000,20000,0,0,0,0,0.0000000000,9.0000000000,0.0000000000,0.0000000000,2433894063552444,2433894059249073,2433894063707794,2433894063709238
247,"jai_tend_apply_kernel_d7ff7600_device.kd",0,0,287,51902,51902,20000,1,0,0,4,4,32,64,0x0,0x7f82fb708700,0,0,0,0,0,0,0,0,0,0,20000,0,0,0,0,0,0.0000000000,11.0000000000,0.0000000000,0.0000000000,2433894068654264,2433894063707794,2433894068804755,2433894068806340
248,"jai_halo_z_kernel_ccb89300_device.kd",0,0,288,51902,51902,416,1,0,0,16,0,32,64,0x0,0x7f82da80c600,0,0,0,0,0,0,0,0,0,832,2496,416,0,0,0,0,0.0000000000,9.0000000000,0.0000000000,0.0000000000,2433894071078537,2433894068804755,2433894071183796,2433894071185037
249,"jai_tend_z_kernel_f4c1ba00_device.kd",0,0,289,51902,51902,5100,1,0,0,40,0,48,64,0x0,0x7f81da388700,0,0,0,0,0,0,0,0,453900,224400,892500,107100,0,0,0,0,0.0000000000,9.0000000000,0.0000000000,0.0000000000,2433894079015121,2433894071183796,2433894079161718,2433894079163479
250,"jai_tend_z_calc_kernel_3f2cf200_device.kd",0,0,290,51902,51902,20000,1,0,0,12,4,32,64,0x0,0x7f82da804680,0,0,0,0,0,0,0,0,20000,20000,125000,20000,0,0,0,0,0.0000000000,9.0000000000,0.0000000000,0.0000000000,2433894083472051,2433894079161820,2433894083621341,2433894083627342
251,"jai_tend_apply_kernel_9c75d800_device.kd",0,0,291,51902,51902,20000,1,0,0,4,4,32,64,0x0,0x7f82da8b6700,0,0,0,0,0,0,0,0,0,0,20000,0,0,0,0,0,0.0000000000,11.0000000000,0.0000000000,0.0000000000,2433894088592036,2433894083621341,2433894088743422,2433894088744943
252,"jai_tend_x_kernel_2bdfba00_device.kd",0,0,293,51902,51902,5050,1,0,0,44,4,48,64,0x0,0x7f83019d86c0,0,0,0,0,0,0,0,0,444400,222200,883750,106050,0,0,0,0,0.0000000000,2683.0000000000,2529.0000000000,2524.0000000000,2433894106341718,2433894088743422,2433894106497027,2433894106498663
253,"jai_tend_x_calc_kernel_fa76b200_device.kd",0,0,294,51902,51902,20000,1,0,0,12,4,32,64,0x0,0x7f83019d4640,0,0,0,0,0,0,0,0,20000,20000,120000,20000,0,0,0,0,0.0000000000,2544.0000000000,0.0000000000,0.0000000000,2433894111015625,2433894106497027,2433894111169029,2433894111170466
254,"jai_tend_apply_kernel_d7ff7600_device.kd",0,0,295,51902,51902,20000,1,0,0,4,4,32,64,0x0,0x7f82fb708700,0,0,0,0,0,0,0,0,0,0,20000,0,0,0,0,0,0.0000000000,2510.0000000000,0.0000000000,0.0000000000,2433894116146711,2433894111169029,2433894116304550,2433894116305930
255,"jai_tend_x_kernel_ee17c700_device.kd",0,0,297,51902,51902,5050,1,0,0,44,4,48,64,0x0,0x7f82fb6dc6c0,0,0,0,0,0,0,0,0,444400,222200,883750,106050,0,0,0,0,0.0000000000,2684.0000000000,2529.0000000000,2524.0000000000,2433894133896193,2433894116304550,2433894134050315,2433894134051805
256,"jai_tend_x_calc_kernel_fa76b200_device.kd",0,0,298,51902,51902,20000,1,0,0,12,4,32,64,0x0,0x7f83019d4640,0,0,0,0,0,0,0,0,20000,20000,120000,20000,0,0,0,0,0.0000000000,2538.0000000000,0.0000000000,0.0000000000,2433894137332366,2433894134050315,2433894137457996,2433894137458944
257,"jai_tend_apply_kernel_d7ff7600_device.kd",0,0,299,51902,51902,20000,1,0,0,4,4,32,64,0x0,0x7f82fb708700,0,0,0,0,0,0,0,0,0,0,20000,0,0,0,0,0,0.0000000000,5110.0000000000,0.0000000000,0.0000000000,2433894142428977,2433894137457996,2433894142580398,2433894142581533
258,"jai_tend_x_kernel_ee17c700_device.kd",0,0,301,51902,51902,5050,1,0,0,44,4,48,64,0x0,0x7f82fb6dc6c0,0,0,0,0,0,0,0,0,444400,222200,883750,106050,0,0,0,0,0.0000000000,2622.0000000000,2529.0000000000,2524.0000000000,2433894160211380,2433894142580310,2433894160368155,2433894160374406
259,"jai_tend_x_calc_kernel_fa76b200_device.kd",0,0,302,51902,51902,20000,1,0,0,12,4,32,64,0x0,0x7f83019d4640,0,0,0,0,0,0,0,0,20000,20000,120000,20000,0,0,0,0,0.0000000000,2538.0000000000,0.0000000000,0.0000000000,2433894163653364,2433894160368155,2433894163807195,2433894163808666
260,"jai_tend_apply_kernel_9c75d800_device.kd",0,0,303,51902,51902,20000,1,0,0,4,4,32,64,0x0,0x7f82da8b6700,0,0,0,0,0,0,0,0,0,0,20000,0,0,0,0,0,0.0000000000,5115.0000000000,0.0000000000,0.0000000000,2433894168784630,2433894163807195,2433894168934717,2433894168935754
261,"jai_halo_z_kernel_fde85300_device.kd",0,0,304,51902,51902,416,1,0,0,16,0,32,64,0x0,0x7f82da89e600,0,0,0,0,0,0,0,0,0,832,2496,416,0,0,0,0,0.0000000000,10.0000000000,0.0000000000,0.0000000000,2433894171215145,2433894168934717,2433894171319678,2433894171320933
262,"jai_tend_z_kernel_5bb5bc00_device.kd",0,0,305,51902,51902,5100,1,0,0,40,0,48,64,0x0,0x7f82da884700,0,0,0,0,0,0,0,0,453900,224400,892500,107100,0,0,0,0,0.0000000000,302.0000000000,0.0000000000,0.0000000000,2433894179167148,2433894171319678,2433894179315200,2433894179316769
263,"jai_tend_z_calc_kernel_358fed00_device.kd",0,0,306,51902,51902,20000,1,0,0,12,4,32,64,0x0,0x7f82da824680,0,0,0,0,0,0,0,0,20000,20000,125000,20000,0,0,0,0,0.0000000000,64.0000000000,0.0000000000,0.0000000000,2433894183619830,2433894179315200,2433894183773281,2433894183774761
264,"jai_tend_apply_kernel_d7ff7600_device.kd",0,0,307,51902,51902,20000,1,0,0,4,4,32,64,0x0,0x7f82fb708700,0,0,0,0,0,0,0,0,0,0,20000,0,0,0,0,0,0.0000000000,15.0000000000,0.0000000000,0.0000000000,2433894188724957,2433894183773281,2433894188875843,2433894188877292
265,"jai_halo_z_kernel_ccb89300_device.kd",0,0,308,51902,51902,416,1,0,0,16,0,32,64,0x0,0x7f82da80c600,0,0,0,0,0,0,0,0,0,832,2496,416,0,0,0,0,0.0000000000,24.0000000000,0.0000000000,0.0000000000,2433894191149129,2433894188875843,2433894191254083,2433894191255539
266,"jai_tend_z_kernel_f4c1ba00_device.kd",0,0,309,51902,51902,5100,1,0,0,40,0,48,64,0x0,0x7f81da388700,0,0,0,0,0,0,0,0,453900,224400,892500,107100,0,0,0,0,0.0000000000,217.0000000000,0.0000000000,0.0000000000,2433894199074822,2433894191254083,2433894199221926,2433894199223341
267,"jai_tend_z_calc_kernel_3f2cf200_device.kd",0,0,310,51902,51902,20000,1,0,0,12,4,32,64,0x0,0x7f82da804680,0,0,0,0,0,0,0,0,20000,20000,125000,20000,0,0,0,0,0.0000000000,9.0000000000,0.0000000000,0.0000000000,2433894203515031,2433894199221926,2433894203664007,2433894203665473
268,"jai_tend_apply_kernel_d7ff7600_device.kd",0,0,311,51902,51902,20000,1,0,0,4,4,32,64,0x0,0x7f82fb708700,0,0,0,0,0,0,0,0,0,0,20000,0,0,0,0,0,0.0000000000,10.0000000000,0.0000000000,0.0000000000,2433894208617873,2433894203664007,2433894208776809,2433894208778325
269,"jai_halo_z_kernel_ccb89300_device.kd",0,0,312,51902,51902,416,1,0,0,16,0,32,64,0x0,0x7f82da80c600,0,0,0,0,0,0,0,0,0,832,2496,416,0,0,0,0,0.0000000000,10.0000000000,0.0000000000,0.0000000000,2433894211048679,2433894208776809,2433894211154249,2433894211155469
270,"jai_tend_z_kernel_f4c1ba00_device.kd",0,0,313,51902,51902,5100,1,0,0,40,0,48,64,0x0,0x7f81da388700,0,0,0,0,0,0,0,0,453900,224400,892500,107100,0,0,0,0,0.0000000000,9.0000000000,0.0000000000,0.0000000000,2433894218969994,2433894211154249,2433894219117772,2433894219119254
271,"jai_tend_z_calc_kernel_3f2cf200_device.kd",0,0,314,51902,51902,20000,1,0,0,12,4,32,64,0x0,0x7f82da804680,0,0,0,0,0,0,0,0,20000,20000,125000,20000,0,0,0,0,0.0000000000,9.0000000000,0.0000000000,0.0000000000,2433894223410834,2433894219117809,2433894223557970,2433894223563901
272,"jai_tend_apply_kernel_9c75d800_device.kd",0,0,315,51902,51902,20000,1,0,0,4,4,32,64,0x0,0x7f82da8b6700,0,0,0,0,0,0,0,0,0,0,20000,0,0,0,0,0,0.0000000000,11.0000000000,0.0000000000,0.0000000000,2433894228523444,2433894223557970,2433894228671891,2433894228673386
273,"jai_tend_x_kernel_2bdfba00_device.kd",0,0,317,51902,51902,5050,1,0,0,44,4,48,64,0x0,0x7f83019d86c0,0,0,0,0,0,0,0,0,444400,222200,883750,106050,0,0,0,0,0.0000000000,2683.0000000000,2529.0000000000,2524.0000000000,2433894246306018,2433894228671891,2433894246461976,2433894246463544
274,"jai_tend_x_calc_kernel_fa76b200_device.kd",0,0,318,51902,51902,20000,1,0,0,12,4,32,64,0x0,0x7f83019d4640,0,0,0,0,0,0,0,0,20000,20000,120000,20000,0,0,0,0,0.0000000000,2544.0000000000,0.0000000000,0.0000000000,2433894249772538,2433894246461976,2433894249920857,2433894249922380
275,"jai_tend_apply_kernel_d7ff7600_device.kd",0,0,319,51902,51902,20000,1,0,0,4,4,32,64,0x0,0x7f82fb708700,0,0,0,0,0,0,0,0,0,0,20000,0,0,0,0,0,0.0000000000,2510.0000000000,0.0000000000,0.0000000000,2433894256066719,2433894249920857,2433894256223099,2433894256224395
276,"jai_tend_x_kernel_ee17c700_device.kd",0,0,321,51902,51902,5050,1,0,0,44,4,48,64,0x0,0x7f82fb6dc6c0,0,0,0,0,0,0,0,0,444400,222200,883750,106050,0,0,0,0,0.0000000000,2685.0000000000,2529.0000000000,2524.0000000000,2433894273841047,2433894256223099,2433894273993344,2433894273995036
277,"jai_tend_x_calc_kernel_fa76b200_device.kd",0,0,322,51902,51902,20000,1,0,0,12,4,32,64,0x0,0x7f83019d4640,0,0,0,0,0,0,0,0,20000,20000,120000,20000,0,0,0,0,0.0000000000,2538.0000000000,0.0000000000,0.0000000000,2433894277293220,2433894273993344,2433894277418625,2433894277419727
278,"jai_tend_apply_kernel_d7ff7600_device.kd",0,0,323,51902,51902,20000,1,0,0,4,4,32,64,0x0,0x7f82fb708700,0,0,0,0,0,0,0,0,0,0,20000,0,0,0,0,0,0.0000000000,5110.0000000000,0.0000000000,0.0000000000,2433894282396623,2433894277418625,2433894282548547,2433894282549941
279,"jai_tend_x_kernel_ee17c700_device.kd",0,0,325,51902,51902,5050,1,0,0,44,4,48,64,0x0,0x7f82fb6dc6c0,0,0,0,0,0,0,0,0,444400,222200,883750,106050,0,0,0,0,0.0000000000,2623.0000000000,2529.0000000000,2524.0000000000,2433894300182404,2433894282548481,2433894300343046,2433894300349357
280,"jai_tend_x_calc_kernel_fa76b200_device.kd",0,0,326,51902,51902,20000,1,0,0,12,4,32,64,0x0,0x7f83019d4640,0,0,0,0,0,0,0,0,20000,20000,120000,20000,0,0,0,0,0.0000000000,2538.0000000000,0.0000000000,0.0000000000,2433894303631030,2433894300343046,2433894303789286,2433894303791651
281,"jai_tend_apply_kernel_9c75d800_device.kd",0,0,327,51902,51902,20000,1,0,0,4,4,32,64,0x0,0x7f82da8b6700,0,0,0,0,0,0,0,0,0,0,20000,0,0,0,0,0,0.0000000000,5115.0000000000,0.0000000000,0.0000000000,2433894308749061,2433894303789286,2433894308899208,2433894308900495
282,"jai_halo_z_kernel_fde85300_device.kd",0,0,328,51902,51902,416,1,0,0,16,0,32,64,0x0,0x7f82da89e600,0,0,0,0,0,0,0,0,0,832,2496,416,0,0,0,0,0.0000000000,10.0000000000,0.0000000000,0.0000000000,2433894311151863,2433894308899208,2433894311258249,2433894311259726
283,"jai_tend_z_kernel_5bb5bc00_device.kd",0,0,329,51902,51902,5100,1,0,0,40,0,48,64,0x0,0x7f82da884700,0,0,0,0,0,0,0,0,453900,224400,892500,107100,0,0,0,0,0.0000000000,302.0000000000,0.0000000000,0.0000000000,2433894319080743,2433894311258249,2433894319229931,2433894319231316
284,"jai_tend_z_calc_kernel_358fed00_device.kd",0,0,330,51902,51902,20000,1,0,0,12,4,32,64,0x0,0x7f82da824680,0,0,0,0,0,0,0,0,20000,20000,125000,20000,0,0,0,0,0.0000000000,64.0000000000,0.0000000000,0.0000000000,2433894323502306,2433894319229931,2433894323652812,2433894323654352
285,"jai_tend_apply_kernel_d7ff7600_device.kd",0,0,331,51902,51902,20000,1,0,0,4,4,32,64,0x0,0x7f82fb708700,0,0,0,0,0,0,0,0,0,0,20000,0,0,0,0,0,0.0000000000,15.0000000000,0.0000000000,0.0000000000,2433894328604527,2433894323652812,2433894328754574,2433894328756142
286,"jai_halo_z_kernel_ccb89300_device.kd",0,0,332,51902,51902,416,1,0,0,16,0,32,64,0x0,0x7f82da80c600,0,0,0,0,0,0,0,0,0,832,2496,416,0,0,0,0,0.0000000000,24.0000000000,0.0000000000,0.0000000000,2433894331027217,2433894328754574,2433894331130894,2433894331132485
287,"jai_tend_z_kernel_f4c1ba00_device.kd",0,0,333,51902,51902,5100,1,0,0,40,0,48,64,0x0,0x7f81da388700,0,0,0,0,0,0,0,0,453900,224400,892500,107100,0,0,0,0,0.0000000000,217.0000000000,0.0000000000,0.0000000000,2433894338980643,2433894331130894,2433894339127537,2433894339128992
288,"jai_tend_z_calc_kernel_3f2cf200_device.kd",0,0,334,51902,51902,20000,1,0,0,12,4,32,64,0x0,0x7f82da804680,0,0,0,0,0,0,0,0,20000,20000,125000,20000,0,0,0,0,0.0000000000,9.0000000000,0.0000000000,0.0000000000,2433894343404792,2433894339127537,2433894343554898,2433894343556466
289,"jai_tend_apply_kernel_d7ff7600_device.kd",0,0,335,51902,51902,20000,1,0,0,4,4,32,64,0x0,0x7f82fb708700,0,0,0,0,0,0,0,0,0,0,20000,0,0,0,0,0,0.0000000000,11.0000000000,0.0000000000,0.0000000000,2433894348502685,2433894343554898,2433894348652499,2433894348654109
290,"jai_halo_z_kernel_ccb89300_device.kd",0,0,336,51902,51902,416,1,0,0,16,0,32,64,0x0,0x7f82da80c600,0,0,0,0,0,0,0,0,0,832,2496,416,0,0,0,0,0.0000000000,9.0000000000,0.0000000000,0.0000000000,2433894350934782,2433894348652499,2433894351035540,2433894351036523
291,"jai_tend_z_kernel_f4c1ba00_device.kd",0,0,337,51902,51902,5100,1,0,0,40,0,48,64,0x0,0x7f81da388700,0,0,0,0,0,0,0,0,453900,224400,892500,107100,0,0,0,0,0.0000000000,9.0000000000,0.0000000000,0.0000000000,2433894358851649,2433894351035540,2433894358998742,2433894359000238
292,"jai_tend_z_calc_kernel_3f2cf200_device.kd",0,0,338,51902,51902,20000,1,0,0,12,4,32,64,0x0,0x7f82da804680,0,0,0,0,0,0,0,0,20000,20000,125000,20000,0,0,0,0,0.0000000000,9.0000000000,0.0000000000,0.0000000000,2433894363261200,2433894358998987,2433894363409068,2433894363415219
293,"jai_tend_apply_kernel_9c75d800_device.kd",0,0,339,51902,51902,20000,1,0,0,4,4,32,64,0x0,0x7f82da8b6700,0,0,0,0,0,0,0,0,0,0,20000,0,0,0,0,0,0.0000000000,11.0000000000,0.0000000000,0.0000000000,2433894368360566,2433894363409068,2433894368510669,2433894368511870
294,"jai_tend_x_kernel_2bdfba00_device.kd",0,0,341,51902,51902,5050,1,0,0,44,4,48,64,0x0,0x7f83019d86c0,0,0,0,0,0,0,0,0,444400,222200,883750,106050,0,0,0,0,0.0000000000,2684.0000000000,2529.0000000000,2524.0000000000,2433894386127631,2433894368510669,2433894386283474,2433894386284776
295,"jai_tend_x_calc_kernel_fa76b200_device.kd",0,0,342,51902,51902,20000,1,0,0,12,4,32,64,0x0,0x7f83019d4640,0,0,0,0,0,0,0,0,20000,20000,120000,20000,0,0,0,0,0.0000000000,2544.0000000000,0.0000000000,0.0000000000,2433894389571228,2433894386283474,2433894389695635,2433894389696493
296,"jai_tend_apply_kernel_d7ff7600_device.kd",0,0,343,51902,51902,20000,1,0,0,4,4,32,64,0x0,0x7f82fb708700,0,0,0,0,0,0,0,0,0,0,20000,0,0,0,0,0,0.0000000000,2510.0000000000,0.0000000000,0.0000000000,2433894394671025,2433894389695635,2433894394823317,2433894394824403
297,"jai_tend_x_kernel_ee17c700_device.kd",0,0,345,51902,51902,5050,1,0,0,44,4,48,64,0x0,0x7f82fb6dc6c0,0,0,0,0,0,0,0,0,444400,222200,883750,106050,0,0,0,0,0.0000000000,2685.0000000000,2529.0000000000,2524.0000000000,2433894414813290,2433894394823317,2433894414969083,2433894414970806
298,"jai_tend_x_calc_kernel_fa76b200_device.kd",0,0,346,51902,51902,20000,1,0,0,12,4,32,64,0x0,0x7f83019d4640,0,0,0,0,0,0,0,0,20000,20000,120000,20000,0,0,0,0,0.0000000000,2538.0000000000,0.0000000000,0.0000000000,2433894418249613,2433894414969083,2433894418378524,2433894418379888
299,"jai_tend_apply_kernel_d7ff7600_device.kd",0,0,347,51902,51902,20000,1,0,0,4,4,32,64,0x0,0x7f82fb708700,0,0,0,0,0,0,0,0,0,0,20000,0,0,0,0,0,0.0000000000,5110.0000000000,0.0000000000,0.0000000000,2433894423365410,2433894418378524,2433894423518205,2433894423519470
300,"jai_tend_x_kernel_ee17c700_device.kd",0,0,349,51902,51902,5050,1,0,0,44,4,48,64,0x0,0x7f82fb6dc6c0,0,0,0,0,0,0,0,0,444400,222200,883750,106050,0,0,0,0,0.0000000000,2623.0000000000,2529.0000000000,2524.0000000000,2433894441118178,2433894423518172,2433894441271777,2433894441277958
301,"jai_tend_x_calc_kernel_fa76b200_device.kd",0,0,350,51902,51902,20000,1,0,0,12,4,32,64,0x0,0x7f83019d4640,0,0,0,0,0,0,0,0,20000,20000,120000,20000,0,0,0,0,0.0000000000,2538.0000000000,0.0000000000,0.0000000000,2433894444565442,2433894441271777,2433894444706018,2433894444707499
302,"jai_tend_apply_kernel_9c75d800_device.kd",0,0,351,51902,51902,20000,1,0,0,4,4,32,64,0x0,0x7f82da8b6700,0,0,0,0,0,0,0,0,0,0,20000,0,0,0,0,0,0.0000000000,5115.0000000000,0.0000000000,0.0000000000,2433894449646143,2433894444706018,2433894449797219,2433894449798088
303,"jai_halo_z_kernel_fde85300_device.kd",0,0,352,51902,51902,416,1,0,0,16,0,32,64,0x0,0x7f82da89e600,0,0,0,0,0,0,0,0,0,832,2496,416,0,0,0,0,0.0000000000,11.0000000000,0.0000000000,0.0000000000,2433894452080404,2433894449797219,2433894452184100,2433894452184911
304,"jai_tend_z_kernel_5bb5bc00_device.kd",0,0,353,51902,51902,5100,1,0,0,40,0,48,64,0x0,0x7f82da884700,0,0,0,0,0,0,0,0,453900,224400,892500,107100,0,0,0,0,0.0000000000,302.0000000000,0.0000000000,0.0000000000,2433894460046604,2433894452184100,2433894460194662,2433894460196125
305,"jai_tend_z_calc_kernel_358fed00_device.kd",0,0,354,51902,51902,20000,1,0,0,12,4,32,64,0x0,0x7f82da824680,0,0,0,0,0,0,0,0,20000,20000,125000,20000,0,0,0,0,0.0000000000,64.0000000000,0.0000000000,0.0000000000,2433894464867878,2433894460194662,2433894465020584,2433894465021878
306,"jai_tend_apply_kernel_d7ff7600_device.kd",0,0,355,51902,51902,20000,1,0,0,4,4,32,64,0x0,0x7f82fb708700,0,0,0,0,0,0,0,0,0,0,20000,0,0,0,0,0,0.0000000000,16.0000000000,0.0000000000,0.0000000000,2433894470120983,2433894465020584,2433894470268905,2433894470269843
307,"jai_halo_z_kernel_ccb89300_device.kd",0,0,356,51902,51902,416,1,0,0,16,0,32,64,0x0,0x7f82da80c600,0,0,0,0,0,0,0,0,0,832,2496,416,0,0,0,0,0.0000000000,24.0000000000,0.0000000000,0.0000000000,2433894472555385,2433894470268905,2433894472661866,2433894472663237
308,"jai_tend_z_kernel_f4c1ba00_device.kd",0,0,357,51902,51902,5100,1,0,0,40,0,48,64,0x0,0x7f81da388700,0,0,0,0,0,0,0,0,453900,224400,892500,107100,0,0,0,0,0.0000000000,217.0000000000,0.0000000000,0.0000000000,2433894480892701,2433894472661866,2433894481042988,2433894481044316
309,"jai_tend_z_calc_kernel_3f2cf200_device.kd",0,0,358,51902,51902,20000,1,0,0,12,4,32,64,0x0,0x7f82da804680,0,0,0,0,0,0,0,0,20000,20000,125000,20000,0,0,0,0,0.0000000000,9.0000000000,0.0000000000,0.0000000000,2433894485720227,2433894481042988,2433894485870030,2433894485871581
310,"jai_tend_apply_kernel_d7ff7600_device.kd",0,0,359,51902,51902,20000,1,0,0,4,4,32,64,0x0,0x7f82fb708700,0,0,0,0,0,0,0,0,0,0,20000,0,0,0,0,0,0.0000000000,11.0000000000,0.0000000000,0.0000000000,2433894491016292,2433894485870030,2433894491167311,2433894491168498
311,"jai_halo_z_kernel_ccb89300_device.kd",0,0,360,51902,51902,416,1,0,0,16,0,32,64,0x0,0x7f82da80c600,0,0,0,0,0,0,0,0,0,832,2496,416,0,0,0,0,0.0000000000,9.0000000000,0.0000000000,0.0000000000,2433894493430687,2433894491167311,2433894493533072,2433894493534001
312,"jai_tend_z_kernel_f4c1ba00_device.kd",0,0,361,51902,51902,5100,1,0,0,40,0,48,64,0x0,0x7f81da388700,0,0,0,0,0,0,0,0,453900,224400,892500,107100,0,0,0,0,0.0000000000,9.0000000000,0.0000000000,0.0000000000,2433894501742045,2433894493533072,2433894501886515,2433894501887448
313,"jai_tend_z_calc_kernel_3f2cf200_device.kd",0,0,362,51902,51902,20000,1,0,0,12,4,32,64,0x0,0x7f82da804680,0,0,0,0,0,0,0,0,20000,20000,125000,20000,0,0,0,0,0.0000000000,9.0000000000,0.0000000000,0.0000000000,2433894506649180,2433894501886355,2433894506801236,2433894506807547
314,"jai_tend_apply_kernel_9c75d800_device.kd",0,0,363,51902,51902,20000,1,0,0,4,4,32,64,0x0,0x7f82da8b6700,0,0,0,0,0,0,0,0,0,0,20000,0,0,0,0,0,0.0000000000,10.0000000000,0.0000000000,0.0000000000,2433894511965013,2433894506801236,2433894512118517,2433894512120013
315,"jai_tend_x_kernel_2bdfba00_device.kd",0,0,365,51902,51902,5050,1,0,0,44,4,48,64,0x0,0x7f83019d86c0,0,0,0,0,0,0,0,0,444400,222200,883750,106050,0,0,0,0,0.0000000000,2684.0000000000,2529.0000000000,2524.0000000000,2433894530339037,2433894512118517,2433894530492442,2433894530494008
316,"jai_tend_x_calc_kernel_fa76b200_device.kd",0,0,366,51902,51902,20000,1,0,0,12,4,32,64,0x0,0x7f83019d4640,0,0,0,0,0,0,0,0,20000,20000,120000,20000,0,0,0,0,0.0000000000,2544.0000000000,0.0000000000,0.0000000000,2433894534297320,2433894530492442,2433894534448604,2433894534449927
317,"jai_tend_apply_kernel_d7ff7600_device.kd",0,0,367,51902,51902,20000,1,0,0,4,4,32,64,0x0,0x7f82fb708700,0,0,0,0,0,0,0,0,0,0,20000,0,0,0,0,0,0.0000000000,2510.0000000000,0.0000000000,0.0000000000,2433894539667676,2433894534448604,2433894539823805,2433894539825111
318,"jai_tend_x_kernel_ee17c700_device.kd",0,0,369,51902,51902,5050,1,0,0,44,4,48,64,0x0,0x7f82fb6dc6c0,0,0,0,0,0,0,0,0,444400,222200,883750,106050,0,0,0,0,0.0000000000,2684.0000000000,2529.0000000000,2524.0000000000,2433894558987196,2433894539823805,2433894559141571,2433894559143529
319,"jai_tend_x_calc_kernel_fa76b200_device.kd",0,0,370,51902,51902,20000,1,0,0,12,4,32,64,0x0,0x7f83019d4640,0,0,0,0,0,0,0,0,20000,20000,120000,20000,0,0,0,0,0.0000000000,2538.0000000000,0.0000000000,0.0000000000,2433894562438377,2433894559141571,2433894562567332,2433894562568872
320,"jai_tend_apply_kernel_d7ff7600_device.kd",0,0,371,51902,51902,20000,1,0,0,4,4,32,64,0x0,0x7f82fb708700,0,0,0,0,0,0,0,0,0,0,20000,0,0,0,0,0,0.0000000000,5110.0000000000,0.0000000000,0.0000000000,2433894567537132,2433894562567332,2433894567689413,2433894567690760
321,"jai_tend_x_kernel_ee17c700_device.kd",0,0,373,51902,51902,5050,1,0,0,44,4,48,64,0x0,0x7f82fb6dc6c0,0,0,0,0,0,0,0,0,444400,222200,883750,106050,0,0,0,0,0.0000000000,2622.0000000000,2529.0000000000,2524.0000000000,2433894585337009,2433894567689556,2433894585492281,2433894585498602
322,"jai_tend_x_calc_kernel_fa76b200_device.kd",0,0,374,51902,51902,20000,1,0,0,12,4,32,64,0x0,0x7f83019d4640,0,0,0,0,0,0,0,0,20000,20000,120000,20000,0,0,0,0,0.0000000000,2538.0000000000,0.0000000000,0.0000000000,2433894588811674,2433894585492281,2433894588961722,2433894588962958
323,"jai_tend_apply_kernel_9c75d800_device.kd",0,0,375,51902,51902,20000,1,0,0,4,4,32,64,0x0,0x7f82da8b6700,0,0,0,0,0,0,0,0,0,0,20000,0,0,0,0,0,0.0000000000,5115.0000000000,0.0000000000,0.0000000000,2433894593930957,2433894588961722,2433894594079643,2433894594080558
324,"jai_halo_z_kernel_fde85300_device.kd",0,0,376,51902,51902,416,1,0,0,16,0,32,64,0x0,0x7f82da89e600,0,0,0,0,0,0,0,0,0,832,2496,416,0,0,0,0,0.0000000000,10.0000000000,0.0000000000,0.0000000000,2433894596352064,2433894594079643,2433894596456604,2433894596457542
325,"jai_tend_z_kernel_5bb5bc00_device.kd",0,0,377,51902,51902,5100,1,0,0,40,0,48,64,0x0,0x7f82da884700,0,0,0,0,0,0,0,0,453900,224400,892500,107100,0,0,0,0,0.0000000000,302.0000000000,0.0000000000,0.0000000000,2433894604338822,2433894596456604,2433894604486686,2433894604488062
326,"jai_tend_z_calc_kernel_358fed00_device.kd",0,0,378,51902,51902,20000,1,0,0,12,4,32,64,0x0,0x7f82da824680,0,0,0,0,0,0,0,0,20000,20000,125000,20000,0,0,0,0,0.0000000000,64.0000000000,0.0000000000,0.0000000000,2433894608821901,2433894604486686,2433894608970207,2433894608970971
327,"jai_tend_apply_kernel_d7ff7600_device.kd",0,0,379,51902,51902,20000,1,0,0,4,4,32,64,0x0,0x7f82fb708700,0,0,0,0,0,0,0,0,0,0,20000,0,0,0,0,0,0.0000000000,15.0000000000,0.0000000000,0.0000000000,2433894613910567,2433894608970207,2433894614058849,2433894614060058
328,"jai_halo_z_kernel_ccb89300_device.kd",0,0,380,51902,51902,416,1,0,0,16,0,32,64,0x0,0x7f82da80c600,0,0,0,0,0,0,0,0,0,832,2496,416,0,0,0,0,0.0000000000,24.0000000000,0.0000000000,0.0000000000,2433894616342614,2433894614058849,2433894616446050,2433894616447041
329,"jai_tend_z_kernel_f4c1ba00_device.kd",0,0,381,51902,51902,5100,1,0,0,40,0,48,64,0x0,0x7f81da388700,0,0,0,0,0,0,0,0,453900,224400,892500,107100,0,0,0,0,0.0000000000,217.0000000000,0.0000000000,0.0000000000,2433894624279760,2433894616446050,2433894624427972,2433894624429250
330,"jai_tend_z_calc_kernel_3f2cf200_device.kd",0,0,382,51902,51902,20000,1,0,0,12,4,32,64,0x0,0x7f82da804680,0,0,0,0,0,0,0,0,20000,20000,125000,20000,0,0,0,0,0.0000000000,9.0000000000,0.0000000000,0.0000000000,2433894628778187,2433894624427972,2433894628923813,2433894628924773
331,"jai_tend_apply_kernel_d7ff7600_device.kd",0,0,383,51902,51902,20000,1,0,0,4,4,32,64,0x0,0x7f82fb708700,0,0,0,0,0,0,0,0,0,0,20000,0,0,0,0,0,0.0000000000,11.0000000000,0.0000000000,0.0000000000,2433894633876872,2433894628923813,2433894634027815,2433894634029118
332,"jai_halo_z_kernel_ccb89300_device.kd",0,0,384,51902,51902,416,1,0,0,16,0,32,64,0x0,0x7f82da80c600,0,0,0,0,0,0,0,0,0,832,2496,416,0,0,0,0,0.0000000000,9.0000000000,0.0000000000,0.0000000000,2433894636306044,2433894634027815,2433894636407816,2433894636408737
333,"jai_tend_z_kernel_f4c1ba00_device.kd",0,0,385,51902,51902,5100,1,0,0,40,0,48,64,0x0,0x7f81da388700,0,0,0,0,0,0,0,0,453900,224400,892500,107100,0,0,0,0,0.0000000000,9.0000000000,0.0000000000,0.0000000000,2433894644253568,2433894636407816,2433894644399498,2433894644400895
334,"jai_tend_z_calc_kernel_3f2cf200_device.kd",0,0,386,51902,51902,20000,1,0,0,12,4,32,64,0x0,0x7f82da804680,0,0,0,0,0,0,0,0,20000,20000,125000,20000,0,0,0,0,0.0000000000,9.0000000000,0.0000000000,0.0000000000,2433894648746896,2433894644399229,2433894648893470,2433894648898551
335,"jai_tend_apply_kernel_9c75d800_device.kd",0,0,387,51902,51902,20000,1,0,0,4,4,32,64,0x0,0x7f82da8b6700,0,0,0,0,0,0,0,0,0,0,20000,0,0,0,0,0,0.0000000000,10.0000000000,0.0000000000,0.0000000000,2433894653855410,2433894648893470,2433894654005311,2433894654006734
